all_cancer_absolute_case_increase_2050,all_cancer_cases_2024,all_cancer_cases_2030,all_cancer_cases_2040,all_cancer_cases_2050,all_cancer_deaths_2024,all_cancer_deaths_2030,all_cancer_deaths_2040,all_cancer_deaths_2050,all_cancer_relative_case_growth_2050,brachy_units_per_1000_selected_site_cases_2050,brachytherapy_flag,brachytherapy_units,country_code,country_iso3,ct_units,dirac_country,dirac_iso3,dirac_last_update_year,dirac_matched,dirac_region,gco_country,hdi_label,meets_both_thresholds,high_growth_q75,income_label,kv_therapy_units,lower_quartile_unit_density,mv_therapy_units,mv_units_per_1000_all_cancer_cases_2050,mv_units_per_1000_selected_site_cases_2050,mv_units_per_million_population_2024,population_2024,population_2030,population_2040,population_2050,proton_ion_units,rt_centres_per_10000_selected_site_cases_2050,rt_centres_total,rt_centres_with_rt,selected_site_case_increase_2050,selected_site_death_increase_2050,selected_site_cases_2024,selected_site_cases_2030,selected_site_cases_2040,selected_site_cases_2050,selected_site_deaths_2024,selected_site_deaths_2030,selected_site_deaths_2040,selected_site_deaths_2050,selected_site_relative_case_growth_2050,selected_site_relative_death_growth_2050,selected_site_cases_per_mv_unit_2050,share_global_selected_site_case_increment,simulators,treatment_planning_systems,unit_pressure_rank,who_region,country_display,gco2022_selected_cases_2022,gco2022_selected_cases_2025,gco2022_selected_cases_2040,gco2022_selected_cases_2050,gco2022_selected_growth_2022_2050,gco2022_selected_growth_2025_2050,gco2024_selected_cases_2024,gco2024_selected_cases_2025,gco2024_selected_cases_2040,gco2024_selected_cases_2050,gco2024_selected_growth_2024_2050,gco2024_selected_growth_2025_2050,gco2022_mv_per_1000_selected_cases_2050,gco2022_high_growth_q75,gco2022_lower_density_q25,gco2022_screen_positive,gco2022_growth_percentile,gco2024_growth_percentile_common,current_screen_positive,burden_version_transition,gco2024_mv_per_1000_selected_cases_2050,gco2022_common_year_screen_positive,gco2024_common_year_screen_positive,gco2022_common_year_growth_percentile,gco2024_common_year_growth_percentile,common_year_burden_version_transition,mv_units_per_1000_selected_cases_2024,screen_positive_2024_density,screen_positive_q80_q20,support_baseline_density,support_strict_q80_q20,support_all_cancer_burden,support_2040_horizon,support_rt_centres_metric,support_mortality_growth,support_excluding_small_baseline_burden,sensitivity_support_count_7,recent_dirac_record,recent_record_screen_positive
85609.0,52048.0,65271.0,95644.0,137657.0,31601.0,39819.0,59134.0,87221.0,1.6448086381801414,,,,4,AFG,,,,,0,,Afghanistan,Low HDI,0,1,Low income,,0,,,,,42647503.0,50039410.0,63347882.0,76885146.0,,,,,20854.0,12581.0,12072.0,15256.0,22660.0,32926.0,6952.0,8805.0,13188.0,19533.0,1.7274685222001325,1.8096950517836596,,0.0040380866664717,,,,EMRO,Afghanistan,11366.0,11875.0,20972.0,30047.0,1.6435861340841105,1.5302736842105262,12072,12545,22660,32926,1.7274685222001325,1.6246313272220008,,False,False,False,,,False,Not comparable,,False,False,,,Not comparable,,False,False,False,False,False,False,False,False,False,0,False,False
2560.0,17864.0,18919.0,19920.0,20424.0,9629.0,10455.0,11477.0,12052.0,0.1433049708911777,0.0,No,0.0,8,ALB,0.0,Albania,ALB,2025.0,1,Southern Europe,Albania,High HDI,0,0,Upper middle income,1.0,0,4.0,0.1958480219349784,0.7335411699981661,1.4327807336840304,2791774.0,2671894.0,2461874.0,2240174.0,0.0,3.667705849990831,3.0,2.0,569.0,540.0,4884.0,5136.0,5342.0,5453.0,2522.0,2706.0,2924.0,3062.0,0.1165028665028665,0.2141157811260904,1363.25,0.0001101789255405,0.0,0.0,48.0,EURO,Albania,4466.0,4783.0,5759.0,6106.0,0.3672189879086431,0.2766046414384278,4884,4934,5342,5453,0.11650286650286651,0.10518848804215647,0.6550933508024893,False,False,False,29.53020134228188,15.436241610738255,False,Not screen-positive in either version,0.7335411699981661,False,False,26.174496644295303,15.436241610738255,Not screen-positive in either version,0.819000819000819,False,False,False,False,False,False,False,False,False,0,True,False
137136.0,144325.0,174495.0,229158.0,281461.0,74007.0,91338.0,123674.0,153794.0,0.9501888099774812,0.1495337266523476,No,11.0,12,DZA,0.0,Algeria,DZA,2026.0,1,Northern Africa,Algeria,High HDI,0,0,Lower middle income,0.0,0,64.0,0.2273849663008374,0.8700144096136593,1.367103203368457,46814315.0,50154175.0,54873486.0,59565563.0,0.0,3.126614284549088,23.0,23.0,35322.0,19766.0,38240.0,46129.0,60075.0,73562.0,19174.0,23540.0,31519.0,38940.0,0.9236924686192468,1.0308751434233858,1149.40625,0.0068396133707257,0.0,0.0,58.0,AFRO,Algeria,34189.0,36470.0,55954.0,69184.0,1.0235748340109392,0.8970112421168084,38240,39516,60075,73562,0.9236924686192468,0.8615750582042717,0.9250693802035153,False,False,False,63.08724832214765,61.74496644295302,False,Not screen-positive in either version,0.8700144096136593,False,False,65.1006711409396,61.74496644295302,Not screen-positive in either version,1.6736401673640167,False,False,False,False,False,False,False,False,False,0,True,False
72134.0,54004.0,66116.0,91897.0,126138.0,32168.0,39559.0,55397.0,76538.0,1.3357158728983038,0.0271709596782958,No,1.0,24,AGO,0.0,Angola,AGO,2023.0,1,Middle Africa,Angola,Medium HDI,1,1,Lower middle income,0.0,1,3.0,0.0237834752414022,0.0815128790348875,0.0791852178935681,37885859.0,45160468.0,58965331.0,74295403.0,0.0,0.5434191935659167,2.0,2.0,21696.0,13298.0,15108.0,18647.0,26290.0,36804.0,9139.0,11303.0,15997.0,22437.0,1.436060365369341,1.4550826129773498,12268.0,0.0042011282399429,0.0,0.0,9.0,AFRO,Angola,12773.0,15762.0,26946.0,37998.0,1.9748688640100212,1.410734678340312,15108,15654,26290,36804,1.4360603653693407,1.3510923725565351,0.07895152376440866,True,True,True,94.63087248322147,89.26174496644296,True,Retained,0.0815128790348875,True,True,87.24832214765101,89.93288590604027,Retained,0.19857029388403494,True,True,True,True,True,True,True,True,True,7,True,True
18873.0,30291.0,35629.0,43461.0,49164.0,17737.0,21297.0,26568.0,30468.0,0.6230563533722888,0.0982607841210572,No,1.0,31,AZE,0.0,Azerbaijan,AZE,2023.0,1,Western Asia,Azerbaijan,High HDI,0,0,Upper middle income,1.0,0,10.0,0.2034008624196566,0.9826078412105728,0.967437223965974,10336588.0,10665389.0,11081343.0,11224933.0,0.0,2.9478235236317185,3.0,3.0,3986.0,2086.0,6191.0,7317.0,8977.0,10177.0,2964.0,3548.0,4422.0,5050.0,0.6438378291067679,0.703778677462888,1017.7,0.0007718333870027,0.0,0.0,65.0,EURO,Azerbaijan,9025.0,9654.0,13719.0,15636.0,0.7325207756232687,0.6196395276569298,6191,6380,8977,10177,0.6438378291067679,0.595141065830721,0.6395497569710924,False,False,False,46.97986577181208,46.308724832214764,False,Not screen-positive in either version,0.9826078412105729,False,False,45.63758389261745,46.308724832214764,Not screen-positive in either version,1.6152479405588758,False,False,False,False,False,False,False,False,False,0,True,False
145235.0,272918.0,303429.0,359167.0,418153.0,142699.0,161102.0,195704.0,234849.0,0.5321561787789739,0.4622935662506025,No,47.0,32,ARG,0.0,Argentina,ARG,2026.0,1,South America,Argentina,Very High HDI,0,0,Upper middle income,8.0,0,131.0,0.3132824588129225,1.2885203655069983,2.866761106385089,45696169.0,46585029.0,47817652.0,48308953.0,0.0,8.754069658788003,99.0,89.0,35625.0,20988.0,66042.0,73473.0,87184.0,101667.0,32264.0,36447.0,44341.0,53252.0,0.5394294539838285,0.6505083064716092,776.0839694656488,0.0068982851008466,0.0,0.0,86.0,PAHO,Argentina,65909.0,69618.0,91119.0,107542.0,0.6316739747227238,0.544744175356948,66042,67245,87184,101667,0.5394294539838285,0.5118893598037029,1.2181287311004072,False,False,False,42.95302013422819,39.59731543624161,False,Not screen-positive in either version,1.2885203655069983,False,False,42.281879194630875,40.26845637583892,Not screen-positive in either version,1.9835862027194815,False,False,False,False,False,False,False,False,False,0,True,False
195210.0,385825.0,436935.0,514829.0,581035.0,108248.0,129978.0,166362.0,196602.0,0.5059547722413011,0.0892180041932462,No,10.0,36,AUS,0.0,Australia,AUS,2025.0,1,Australia and New Zealand,Australia,Very High HDI,0,0,High income,6.0,0,224.0,0.385518944641889,1.9984832939287147,8.385363452909989,26713213.0,28188546.0,30357457.0,32506979.0,0.0,9.18945443190436,105.0,103.0,36684.0,18997.0,75401.0,85138.0,99671.0,112085.0,24056.0,28777.0,36553.0,43053.0,0.4865187464357237,0.7896990355836382,500.3794642857143,0.0071033457021602,0.0,0.0,116.0,WPRO,Australia,70895.0,76276.0,98986.0,112753.0,0.5904224557444108,0.47822381876343806,75401,77045,99671,112085,0.4865187464357237,0.45479914335777794,1.986643370908091,False,False,False,39.59731543624161,37.58389261744966,False,Not screen-positive in either version,1.9984832939287147,False,False,38.92617449664429,37.58389261744966,Not screen-positive in either version,2.970782880863649,False,False,False,False,False,False,False,False,False,0,True,False
22262.0,93368.0,100454.0,110766.0,115630.0,44941.0,49926.0,59028.0,66289.0,0.238432867791963,0.7181586412438508,No,20.0,40,AUT,0.0,Austria,AUT,2026.0,1,Western Europe,Austria,Very High HDI,0,0,High income,8.0,0,58.0,0.5015999308138026,2.0826600596071674,6.359075969249263,9120822.0,9080356.0,8934068.0,8724340.0,1.0,6.104348450572732,17.0,17.0,4806.0,4776.0,23043.0,24774.0,27050.0,27849.0,10682.0,11849.0,13854.0,15458.0,0.2085665928915505,0.4471072832802846,480.1551724137931,0.0009306149668678,0.0,0.0,121.0,EURO,Austria,23398.0,24233.0,28464.0,29513.0,0.2613471236857851,0.21788470267816615,23043,23333,27050,27849,0.20856659289155058,0.19354562208031542,1.9652356588621964,False,False,False,22.14765100671141,21.476510067114095,False,Not screen-positive in either version,2.0826600596071674,False,False,20.80536912751678,21.476510067114095,Not screen-positive in either version,2.5170333723907476,False,False,False,False,False,False,False,False,False,0,True,False
1434.0,2232.0,2544.0,3116.0,3666.0,1050.0,1206.0,1476.0,1738.0,0.6424731182795699,0.8680555555555556,No,1.0,44,BHS,0.0,Bahamas,BHS,2025.0,1,Caribbean,Bahamas,Very High HDI,0,0,High income,0.0,0,1.0,0.2727768685215493,0.8680555555555556,2.4919634179770243,401290.0,410275.0,420356.0,424275.0,0.0,8.680555555555555,1.0,1.0,461.0,182.0,691.0,788.0,970.0,1152.0,276.0,315.0,387.0,458.0,0.6671490593342981,0.6594202898550725,1152.0,8.926622965586803e-05,0.0,0.0,57.0,PAHO,Bahamas,558.0,657.0,972.0,1135.0,1.0340501792114696,0.7275494672754946,691,706,970,1152,0.6671490593342981,0.6317280453257791,0.8810572687224669,False,False,False,63.758389261744966,47.651006711409394,False,Not screen-positive in either version,0.8680555555555556,False,False,52.348993288590606,48.322147651006716,Not screen-positive in either version,1.447178002894356,False,False,False,False,False,False,False,False,False,0,True,False
3572.0,4193.0,4955.0,6273.0,7765.0,1764.0,2132.0,2818.0,3592.0,0.8518960171714762,0.0,No,0.0,48,BHR,0.0,Bahrain,BHR,2018.0,1,Western Asia,Bahrain,Very High HDI,0,0,High income,0.0,0,2.0,0.25756600128783,0.9945300845350572,1.2445101545806063,1607058.0,1765219.0,1951243.0,2139475.0,0.0,4.972650422675286,1.0,1.0,976.0,425.0,1035.0,1235.0,1602.0,2011.0,398.0,480.0,644.0,823.0,0.9429951690821256,1.0678391959798994,1005.5,0.000188988807254,0.0,0.0,66.0,EMRO,Bahrain,706.0,775.0,1549.0,2259.0,2.1997167138810196,1.9148387096774193,1035,1072,1602,2011,0.9429951690821256,0.8759328358208955,0.8853474988933157,True,False,False,97.98657718120806,62.41610738255034,False,Not screen-positive in either version,0.9945300845350572,False,False,97.98657718120806,62.41610738255034,Not screen-positive in either version,1.932367149758454,False,False,False,False,False,False,False,False,False,0,False,False
373288.0,373173.0,445717.0,586868.0,746461.0,277532.0,333085.0,443542.0,571569.0,1.000308168061462,0.0441442634529642,No,10.0,50,BGD,0.0,Bangladesh,BGD,2026.0,1,Southern Asia,Bangladesh,Medium HDI,0,0,Lower middle income,0.0,1,37.0,0.0495672245435461,0.1633337747759678,0.2131798450740251,173562374.0,186072416.0,202589437.0,214709106.0,0.0,0.7945967421533572,22.0,18.0,112486.0,86811.0,114044.0,136295.0,179246.0,226530.0,84152.0,100838.0,133712.0,170963.0,0.9863386061520116,1.031597585321799,6122.4324324324325,0.0217813473081778,0.0,0.0,23.0,SEARO,Bangladesh,103122.0,113752.0,172571.0,213524.0,1.0705959930955566,0.8771010619593501,114044,117515,179246,226530,0.9863386061520115,0.9276688082372463,0.17328262865064348,False,True,False,65.1006711409396,64.42953020134227,False,Not screen-positive in either version,0.16333377477596786,False,False,63.758389261744966,64.42953020134227,Not screen-positive in either version,0.32443618252604256,False,False,False,False,False,False,False,False,False,0,True,False
8479.0,21265.0,23623.0,27707.0,29744.0,10909.0,12199.0,14468.0,15727.0,0.3987303080178697,0.3752814610958219,No,3.0,51,ARM,0.0,Armenia,ARM,2026.0,1,Western Asia,Armenia,High HDI,0,0,Upper middle income,0.0,0,8.0,0.2689618074233459,1.0007505629221916,2.690116411425059,2973849.0,2851300.0,2665531.0,2495217.0,0.0,2.501876407305479,2.0,2.0,2301.0,1130.0,5693.0,6336.0,7434.0,7994.0,2685.0,2983.0,3495.0,3815.0,0.4041805726330581,0.4208566108007449,999.25,0.0004455566039873,0.0,0.0,67.0,EURO,Armenia,4666.0,4519.0,5264.0,5730.0,0.22803257608229746,0.2679796415136092,5693,5791,7434,7994,0.4041805726330581,0.38041788982904506,1.3961605584642234,False,False,False,19.463087248322147,34.22818791946309,False,Not screen-positive in either version,1.0007505629221916,False,False,23.48993288590604,34.22818791946309,Not screen-positive in either version,1.4052344985069383,False,False,False,False,False,False,False,False,False,0,True,False
428.0,2106.0,2302.0,2496.0,2534.0,1227.0,1389.0,1655.0,1799.0,0.2032288698955365,1.402524544179523,No,1.0,52,BRB,0.0,Barbados,BRB,2025.0,1,Caribbean,Barbados,Very High HDI,0,0,High income,0.0,0,3.0,1.1838989739542225,4.207573632538569,10.620559278651614,282471.0,282498.0,276355.0,264224.0,0.0,14.025245441795231,1.0,1.0,103.0,158.0,610.0,661.0,705.0,713.0,303.0,346.0,420.0,461.0,0.1688524590163934,0.5214521452145214,237.66666666666663,1.99445155196408e-05,0.0,0.0,149.0,PAHO,Barbados,634.0,618.0,721.0,736.0,0.1608832807570978,0.19093851132686085,610,618,705,713,0.16885245901639345,0.15372168284789645,4.076086956521739,False,False,False,12.751677852348994,18.79194630872483,False,Not screen-positive in either version,4.207573632538569,False,False,19.463087248322147,18.79194630872483,Not screen-positive in either version,4.918032786885246,False,False,False,False,False,False,False,False,False,0,True,False
39051.0,151649.0,164000.0,181561.0,190700.0,57241.0,63709.0,75637.0,83507.0,0.2575091164465311,0.582259165562382,No,29.0,56,BEL,0.0,Belgium,BEL,2023.0,1,Western Europe,Belgium,Very High HDI,0,0,High income,2.0,0,99.0,0.519140010487677,1.987712323816408,8.433591557412612,11738771.0,11824151.0,11892216.0,11870914.0,1.0,7.228044813877846,36.0,36.0,9226.0,6321.0,40580.0,43786.0,47902.0,49806.0,14233.0,15832.0,18691.0,20554.0,0.2273533760473139,0.4441087613293051,503.09090909090907,0.0017864864095553,0.0,0.0,115.0,EURO,Belgium,40599.0,42233.0,49798.0,52076.0,0.28269169191359395,0.23306419150900953,40580,41135,47902,49806,0.22735337604731395,0.21079372796888296,1.901067670327982,False,False,False,23.48993288590604,22.14765100671141,False,Not screen-positive in either version,1.9877123238164076,False,False,22.14765100671141,22.14765100671141,Not screen-positive in either version,2.43962543124692,False,False,False,False,False,False,False,False,False,0,True,False
1381.0,1284.0,1526.0,2051.0,2665.0,931.0,1118.0,1558.0,2095.0,1.0755451713395638,,,,64,BTN,,,,,0,,Bhutan,Medium HDI,0,0,Lower middle income,,0,,,,,791535.0,820704.0,862137.0,882347.0,,,,,299.0,245.0,280.0,337.0,448.0,579.0,205.0,247.0,340.0,450.0,1.0678571428571428,1.195121951219512,,5.789718582886018e-05,,,,SEARO,Bhutan,261.0,286.0,463.0,610.0,1.3371647509578544,1.132867132867133,280,287,448,579,1.0678571428571428,1.0174216027874565,,False,False,False,,,False,Not comparable,,False,False,,,Not comparable,,False,False,False,False,False,False,False,False,False,0,False,False
31984.0,33450.0,39132.0,51004.0,65434.0,19987.0,23519.0,31089.0,40556.0,0.9561733931240658,0.6627881287281833,No,9.0,68,BOL,0.0,"Bolivia, Plurinational State of",BOL,2025.0,1,South America,Bolivia (Plurinational State of),Medium HDI,0,0,Lower middle income,0.0,0,16.0,0.2445211969312589,1.1782900066278812,1.2889375964085044,12413324.0,13405571.0,14899406.0,16110170.0,0.0,8.100743795566684,14.0,11.0,6730.0,3682.0,6849.0,8055.0,10569.0,13579.0,3534.0,4171.0,5533.0,7216.0,0.9826252007592348,1.0418788907753254,848.6875,0.0013031707713318,0.0,0.0,77.0,PAHO,Bolivia (Plurinational State of),8393.0,7683.0,11491.0,14408.0,0.716668652448469,0.8753091240400885,6849,7034,10569,13579,0.9826252007592349,0.930480523173159,1.110494169905608,False,False,False,46.308724832214764,63.758389261744966,False,Not screen-positive in either version,1.1782900066278812,False,False,63.08724832214765,65.77181208053692,Not screen-positive in either version,2.3361074609432033,False,False,False,False,False,False,False,False,False,0,True,False
965.0,29625.0,30738.0,31523.0,30590.0,17788.0,18929.0,20057.0,19927.0,0.0325738396624472,0.4033342296316214,No,3.0,70,BIH,0.0,Bosnia and Herzegovina,BIH,2026.0,1,Southern Europe,Bosnia Herzegovina,High HDI,0,0,Upper middle income,0.0,0,20.0,0.6538084341288003,2.688894864210809,6.320587131979864,3164263.0,3013984.0,2745019.0,2455176.0,0.0,8.066684592632429,6.0,6.0,183.0,485.0,7255.0,7518.0,7688.0,7438.0,4384.0,4644.0,4907.0,4869.0,0.0252239834596829,0.1106295620437956,371.9,3.5435401360138506e-05,0.0,0.0,142.0,EURO,Bosnia Herzegovina,7194.0,7117.0,7752.0,7731.0,0.07464553794829024,0.08627230574680343,7255,7306,7688,7438,0.025223983459682978,0.018067341910758282,2.5869874531108525,False,False,False,8.053691275167784,7.38255033557047,False,Not screen-positive in either version,2.6888948642108095,False,False,7.38255033557047,7.38255033557047,Not screen-positive in either version,2.7567195037904892,False,False,False,False,False,False,False,False,False,0,True,False
7339.0,5693.0,6969.0,9657.0,13032.0,3097.0,3805.0,5350.0,7385.0,1.2891269980678026,0.7688364941055869,No,3.0,72,BWA,0.0,Botswana,BWA,2026.0,1,Southern Africa,Botswana,High HDI,0,1,Upper middle income,0.0,0,3.0,0.2302025782688766,0.7688364941055869,1.1899331654205425,2521150.0,2765926.0,3126650.0,3437439.0,0.0,7.688364941055869,3.0,3.0,2244.0,1328.0,1658.0,2038.0,2854.0,3902.0,952.0,1172.0,1646.0,2280.0,1.353437876960193,1.3949579831932772,1300.6666666666667,0.0004345193478259,0.0,0.0,50.0,AFRO,Botswana,1273.0,1401.0,2276.0,2956.0,1.3220738413197173,1.1099214846538188,1658,1715,2854,3902,1.353437876960193,1.2752186588921284,1.0148849797023005,False,False,False,73.8255033557047,81.87919463087249,False,Not screen-positive in either version,0.7688364941055869,False,False,73.8255033557047,81.87919463087249,Not screen-positive in either version,1.8094089264173703,False,False,False,False,False,False,False,False,False,0,True,False
941249.0,1231868.0,1455469.0,1837060.0,2173117.0,570151.0,689936.0,903718.0,1101497.0,0.7640826776894927,0.2225123381353118,No,128.0,76,BRA,0.0,Brazil,BRA,2026.0,1,South America,Brazil,High HDI,0,0,Upper middle income,39.0,0,370.0,0.1702623466661021,0.6431997274223857,1.7452946925843118,211998582.0,216074423.0,219237093.0,217489306.0,0.0,3.8418145881174937,227.0,221.0,245654.0,127839.0,329595.0,389141.0,488634.0,575249.0,137463.0,166323.0,217668.0,265302.0,0.7453207724631745,0.9299884332511292,1554.7270270270271,0.0475674758782702,0.0,0.0,43.0,PAHO,Brazil,340984.0,361446.0,522472.0,621415.0,0.8224168875958989,0.7192471351183856,329595,339422,488634,575249,0.7453207724631745,0.6947899664724149,0.5954153021732659,False,False,False,51.67785234899329,53.02013422818792,False,Not screen-positive in either version,0.6431997274223857,False,False,51.67785234899329,52.348993288590606,Not screen-positive in either version,1.1225898451129417,False,False,False,False,False,False,False,False,False,0,True,False
1232.0,830.0,1046.0,1502.0,2062.0,402.0,512.0,752.0,1068.0,1.4843373493975904,,,,84,BLZ,,,,,0,,Belize,High HDI,0,1,Lower middle income,,0,,,,,417080.0,449850.0,491605.0,516636.0,,,,,384.0,187.0,255.0,323.0,466.0,639.0,111.0,142.0,211.0,298.0,1.5058823529411764,1.6846846846846846,,7.4356252034389e-05,,,,PAHO,Belize,229.0,245.0,416.0,562.0,1.4541484716157205,1.2938775510204081,255,265,466,639,1.5058823529411764,1.411320754716981,,False,False,False,,,False,Not comparable,,False,False,,,Not comparable,,False,False,False,False,False,False,False,False,False,0,False,False
2212.0,1742.0,2164.0,3018.0,3954.0,842.0,1044.0,1490.0,2028.0,1.269804822043628,,,,90,SLB,,,,,0,,Solomon Islands,Medium HDI,0,1,Lower middle income,,0,,,,,819207.0,938357.0,1135464.0,1309117.0,,,,,591.0,273.0,430.0,541.0,768.0,1021.0,185.0,230.0,333.0,458.0,1.3744186046511628,1.4756756756756757,,0.0001144389191466,,,,WPRO,Solomon Islands,381.0,413.0,655.0,862.0,1.26246719160105,1.0871670702179177,430,447,768,1021,1.3744186046511628,1.284116331096197,,False,False,False,,,False,Not comparable,,False,False,,,Not comparable,,False,False,False,False,False,False,False,False,False,0,False,False
1778.0,1686.0,2079.0,2789.0,3464.0,943.0,1200.0,1682.0,2150.0,1.0545670225385528,1.2515644555694618,No,1.0,96,BRN,0.0,Brunei Darussalam,BRN,2025.0,1,South-Eastern Asia,Brunei Darussalam,Very High HDI,0,0,High income,0.0,0,2.0,0.5773672055427251,2.503128911138924,4.322156237303666,462732.0,482458.0,505984.0,519559.0,0.0,12.515644555694616,1.0,1.0,400.0,256.0,399.0,490.0,647.0,799.0,211.0,266.0,367.0,467.0,1.0025062656641603,1.2132701421800949,399.5,7.745442920248854e-05,0.0,0.0,139.0,WPRO,Brunei Darussalam,426.0,475.0,766.0,925.0,1.1713615023474178,0.9473684210526315,399,414,647,799,1.0025062656641603,0.9299516908212561,2.1621621621621623,False,False,False,67.78523489932886,65.77181208053692,False,Not screen-positive in either version,2.5031289111389237,False,False,67.78523489932886,65.1006711409396,Not screen-positive in either version,5.012531328320802,False,False,False,False,False,False,False,False,False,0,True,False
-2497.0,62540.0,62740.0,62041.0,60043.0,38539.0,39333.0,39860.0,39657.0,-0.0399264470738727,0.6972174684667554,No,11.0,100,BGR,0.0,Bulgaria,BGR,2025.0,1,Eastern Europe,Bulgaria,High HDI,0,0,Upper middle income,5.0,0,48.0,0.799427077261296,3.042403498764024,7.103011573321503,6757697.0,6458252.0,5907739.0,5402224.0,0.0,15.845851556062623,25.0,25.0,-874.0,272.0,16651.0,16650.0,16397.0,15777.0,9393.0,9576.0,9711.0,9665.0,-0.0524893399795808,0.0289577344831257,328.6875,-0.0001692379278074,0.0,0.0,146.0,EURO,Bulgaria,16613.0,16436.0,16401.0,15783.0,-0.04996087401432613,-0.03972986128011682,16651,16670,16397,15777,-0.05248933997958081,-0.05356928614277145,3.0412469112336056,False,False,False,3.3557046979865772,3.3557046979865772,False,Not screen-positive in either version,3.0424034987640236,False,False,2.684563758389262,3.3557046979865772,Not screen-positive in either version,2.8827097471623326,False,False,False,False,False,False,False,False,False,0,True,False
79610.0,148801.0,169639.0,201976.0,228411.0,106603.0,122757.0,148354.0,169738.0,0.5350098453639425,0.1125058261945708,No,7.0,104,MMR,0.0,Myanmar,MMR,2025.0,1,South-Eastern Asia,Myanmar,Medium HDI,0,0,Lower middle income,0.0,1,23.0,0.1006956757774363,0.3696620003535897,0.4220175742796802,54500100.0,56351040.0,58169869.0,58623239.0,0.0,1.4465034796444816,9.0,9.0,22753.0,17553.0,39466.0,45367.0,54589.0,62219.0,27725.0,32159.0,39260.0,45278.0,0.5765215628642376,0.6331109107303877,2705.1739130434785,0.0044058015691105,0.0,0.0,34.0,SEARO,Myanmar,39397.0,42083.0,55851.0,63096.0,0.6015432647155875,0.49932276691300526,39466,40451,54589,62219,0.5765215628642376,0.5381325554374429,0.3645239000887536,False,True,False,41.61073825503356,42.95302013422819,False,Not screen-positive in either version,0.36966200035358976,False,False,40.939597315436245,42.95302013422819,Not screen-positive in either version,0.5827801145289616,False,False,False,False,False,False,False,False,False,0,True,False
24930.0,15880.0,19742.0,28745.0,40810.0,9965.0,12528.0,18564.0,26581.0,1.5698992443324935,,,,108,BDI,,,,,0,,Burundi,Low HDI,0,1,Low income,,0,,,,,14047794.0,16182029.0,20131330.0,24131728.0,,,,,7233.0,4682.0,4308.0,5383.0,7977.0,11541.0,2693.0,3399.0,5086.0,7375.0,1.6789693593314765,1.7385815076123283,,0.0014005697160539,,,,AFRO,Burundi,4335.0,4888.0,8925.0,13203.0,2.045674740484429,1.7011047463175122,4308,4466,7977,11541,1.6789693593314763,1.584191670398567,,False,False,False,,,False,Not comparable,,False,False,,,Not comparable,,False,False,False,False,False,False,False,False,False,0,False,False
9418.0,91507.0,96027.0,99947.0,100925.0,45559.0,48604.0,52767.0,54520.0,0.1029210880041964,0.6681076832383572,No,17.0,112,BLR,0.0,Belarus,BLR,2024.0,1,Eastern Europe,Belarus,Very High HDI,0,0,Upper middle income,11.0,0,35.0,0.3467921724052514,1.375515818431912,3.864541419161192,9056702.0,8687641.0,8064474.0,7453553.0,0.0,5.109058754175673,13.0,13.0,2181.0,1767.0,23264.0,24343.0,25162.0,25445.0,10297.0,10922.0,11705.0,12064.0,0.09375,0.1716033796251335,727.0,0.0004223202752265,0.0,0.0,91.0,EURO,Belarus,22917.0,24601.0,26219.0,26938.0,0.17545926604703932,0.094996138368359,23264,23475,25162,25445,0.09375,0.08391906283280086,1.2992798277526172,False,False,False,15.436241610738255,12.751677852348994,False,Not screen-positive in either version,1.375515818431912,False,False,8.053691275167784,13.422818791946309,Not screen-positive in either version,1.5044704264099038,False,False,False,False,False,False,False,False,False,0,True,False
36811.0,43886.0,51712.0,65976.0,80697.0,29820.0,35534.0,46259.0,57386.0,0.8387868568564006,0.0573427375422902,No,1.0,116,KHM,0.0,Cambodia,KHM,2024.0,1,South-Eastern Asia,Cambodia,Medium HDI,0,0,Lower middle income,0.0,1,3.0,0.0371761032008624,0.1720282126268708,0.1700794911856587,17638811.0,18827398.0,20540693.0,21931464.0,0.0,1.720282126268708,3.0,3.0,7880.0,5675.0,9559.0,11259.0,14355.0,17439.0,6375.0,7570.0,9808.0,12050.0,0.8243540119259337,0.8901960784313725,5813.0,0.001525852255289,0.0,0.0,25.0,WPRO,Cambodia,8477.0,10138.0,15431.0,18494.0,1.1816680429397193,0.8242256855395541,9559,9832,14355,17439,0.8243540119259337,0.7736981285598047,0.1622147723586028,False,True,False,70.46979865771812,57.71812080536913,False,Not screen-positive in either version,0.17202821262687082,False,False,57.71812080536913,57.71812080536913,Not screen-positive in either version,0.3138403598702793,False,False,False,False,False,False,False,False,False,0,True,False
47743.0,31762.0,39447.0,56687.0,79505.0,19313.0,24123.0,35116.0,49798.0,1.5031484163465776,0.0,No,0.0,120,CMR,0.0,Cameroon,CMR,2023.0,1,Middle Africa,Cameroon,Medium HDI,1,1,Lower middle income,0.0,1,2.0,0.0251556505880133,0.0873133676765912,0.0686724681396659,29123753.0,33777197.0,42208014.0,51096329.0,0.0,0.8731336767659129,3.0,2.0,14122.0,8616.0,8784.0,11001.0,16064.0,22906.0,5181.0,6510.0,9597.0,13797.0,1.607695810564663,1.6629994209612045,11453.0,0.0027345286229938,0.0,0.0,11.0,AFRO,Cameroon,10801.0,11853.0,20554.0,28893.0,1.6750300898064994,1.4376107314603899,8784,9115,16064,22906,1.607695810564663,1.5130005485463522,0.06922091856158931,True,True,True,87.24832214765101,95.30201342281879,True,Retained,0.08731336767659129,True,True,89.26174496644296,95.30201342281879,Retained,0.22768670309653916,True,True,True,True,True,True,True,True,True,7,True,True
246707.0,543719.0,618026.0,721688.0,790426.0,183260.0,216611.0,270845.0,305931.0,0.4537398913777153,0.2898744620598925,No,52.0,124,CAN,0.0,Canada,CAN,2026.0,1,Northern America,Canada,Very High HDI,0,0,High income,14.0,0,296.0,0.3744816086515373,1.6500546301870804,7.447957772494984,39742438.0,41655600.0,43951427.0,45621892.0,0.0,2.8987446205989253,72.0,52.0,51520.0,29506.0,127868.0,144094.0,165012.0,179388.0,45652.0,53804.0,66688.0,75158.0,0.4029155066161979,0.6463243669499693,606.0405405405405,0.0099761304812805,0.0,0.0,103.0,PAHO,Canada,126093.0,135339.0,172729.0,188832.0,0.4975613237848255,0.3952519229490391,127868,130731,165012,179388,0.40291550661619796,0.37219175253000436,1.5675309269615318,False,False,False,32.88590604026846,33.557046979865774,False,Not screen-positive in either version,1.6500546301870804,False,False,32.88590604026846,33.557046979865774,Not screen-positive in either version,2.3148872274533114,False,False,False,False,False,False,False,False,False,0,True,False
1047.0,893.0,1088.0,1458.0,1940.0,636.0,776.0,1054.0,1416.0,1.1724524076147815,,,,132,CPV,,,,,0,,Cape Verde,Medium HDI,0,1,Lower middle income,,0,,,,,524886.0,538625.0,557384.0,566144.0,,,,,341.0,237.0,281.0,343.0,468.0,622.0,191.0,232.0,320.0,428.0,1.2135231316725978,1.2408376963350785,,6.602990089512147e-05,,,,AFRO,Cape Verde,265.0,309.0,555.0,751.0,1.8339622641509434,1.4304207119741101,281,290,468,622,1.2135231316725978,1.1448275862068966,,False,False,False,,,False,Not comparable,,False,False,,,Not comparable,,False,False,False,False,False,False,False,False,False,0,False,False
6987.0,5245.0,6217.0,8394.0,12232.0,3390.0,3978.0,5297.0,7788.0,1.3321258341277409,,,,140,CAF,,,,,0,,Central African Republic,Low HDI,0,1,Low income,,0,,,,,5330700.0,6478255.0,8526465.0,10616762.0,,,,,1866.0,1049.0,1380.0,1649.0,2241.0,3246.0,809.0,957.0,1282.0,1858.0,1.3521739130434782,1.2966625463535228,,0.0003613249122296,,,,AFRO,Central African Republic,1390.0,1476.0,2319.0,3326.0,1.3928057553956834,1.2533875338753389,1380,1421,2241,3246,1.3521739130434782,1.2843068261787474,,False,False,False,,,False,Not comparable,,False,False,,,Not comparable,,False,False,False,False,False,False,False,False,False,0,False,False
39983.0,86531.0,97279.0,112932.0,126514.0,54269.0,61450.0,72034.0,81217.0,0.462065618102183,0.1218249375647195,No,4.0,144,LKA,0.0,Sri Lanka,LKA,2026.0,1,Southern Asia,Sri Lanka,High HDI,0,0,Lower middle income,0.0,0,29.0,0.2292236432331599,0.8832307973442164,1.255216995638121,23103575.0,23767961.0,24526709.0,24813699.0,0.0,2.741061095206189,9.0,9.0,10523.0,6534.0,22311.0,25164.0,29254.0,32834.0,13568.0,15335.0,17888.0,20102.0,0.4716507552328448,0.4815742924528302,1132.2068965517242,0.0020376323962444,0.0,0.0,62.0,SEARO,Sri Lanka,17519.0,18211.0,23477.0,25978.0,0.4828471944745705,0.42650046675086484,22311,22809,29254,32834,0.4716507552328448,0.4395194879214345,1.1163292016321502,False,False,False,32.21476510067114,36.241610738255034,False,Not screen-positive in either version,0.8832307973442164,False,False,36.91275167785235,36.241610738255034,Not screen-positive in either version,1.2998072699565237,False,False,False,False,False,False,False,False,False,0,True,False
56509.0,37141.0,46337.0,66789.0,93650.0,24057.0,30056.0,43413.0,61386.0,1.5214722274575267,,,,148,TCD,,,,,0,,Chad,Low HDI,0,1,Low income,,0,,,,,20299132.0,24207487.0,31307351.0,38857697.0,,,,,16911.0,9720.0,10692.0,13395.0,19497.0,27603.0,6013.0,7543.0,11009.0,15733.0,1.5816498316498318,1.616497588558124,,0.0032745796306082,,,,AFRO,Chad,5413.0,5886.0,10270.0,14466.0,1.672455200443377,1.4576962283384303,10692,11153,19497,27603,1.5816498316498318,1.4749394781673093,,False,False,False,,,False,Not comparable,,False,False,,,Not comparable,,False,False,False,False,False,False,False,False,False,0,False,False
112176.0,117861.0,141564.0,186784.0,230037.0,62678.0,75642.0,100061.0,123297.0,0.9517652149566014,0.1559545392518081,No,8.0,152,CHL,0.0,Chile,CHL,2025.0,1,South America,Chile,Very High HDI,0,0,High income,0.0,0,45.0,0.1956207044953637,0.8772442832914206,2.276777061177657,19764781.0,20233191.0,20542112.0,20320318.0,0.0,4.678636177554243,24.0,24.0,26479.0,12391.0,24818.0,30193.0,40843.0,51297.0,12069.0,14659.0,19634.0,24460.0,1.066927230236119,1.0266799237716464,1139.9333333333334,0.0051272895771317,0.0,0.0,60.0,PAHO,Chile,26309.0,29156.0,42719.0,51156.0,0.9444296628530161,0.754561668267252,24818,25640,40843,51297,1.066927230236119,1.0006630265210608,0.8796622097114708,False,False,False,60.40268456375839,69.79865771812081,False,Not screen-positive in either version,0.8772442832914206,False,False,55.033557046979865,69.12751677852349,Not screen-positive in either version,1.8132000967040052,False,False,False,False,False,False,False,False,False,0,True,False
4377300.0,10247467.0,11586341.0,13553528.0,14624767.0,5150219.0,6023550.0,7776415.0,9112578.0,0.4271592189562552,0.0707634773448111,No,257.0,156,CHN,0.0,China,CHN,2026.0,1,Eastern Asia,China,High HDI,0,0,Upper middle income,124.0,0,2932.0,0.2004818264796971,0.8073093991244603,2.0867453033574703,1405058871.0,1428723164.0,1371597260.0,1286483182.0,15.0,4.474344384642729,1666.0,1625.0,1165835.0,1006562.0,2465982.0,2814453.0,3336649.0,3631817.0,1279831.0,1498820.0,1944850.0,2286393.0,0.4727670356069103,0.7864804024906413,1238.6824693042292,0.225747711173208,0.0,0.0,51.0,WPRO,China,2319844.0,2470060.0,3306024.0,3601228.0,0.5523578309575988,0.4579516287053756,2465982,2503677,3336649,3631817,0.47276703560691036,0.4505932674222753,0.8141667231288883,False,False,False,37.58389261744966,36.91275167785235,False,Not screen-positive in either version,0.8073093991244603,False,False,37.58389261744966,36.91275167785235,Not screen-positive in either version,1.1889786705661274,False,False,False,False,False,False,False,False,False,0,True,False
272401.0,242825.0,299542.0,405496.0,515226.0,111321.0,142310.0,203234.0,265507.0,1.1217996499536704,0.2249313959242431,No,30.0,170,COL,0.0,Colombia,COL,2026.0,1,South America,Colombia,High HDI,0,1,Upper middle income,0.0,0,98.0,0.1902077923086179,0.7347758933525275,1.853029288791854,52886374.0,55736483.0,58576454.0,59385368.0,0.0,4.423650786510114,61.0,59.0,76512.0,32965.0,56862.0,71575.0,100714.0,133374.0,22514.0,28993.0,41947.0,55479.0,1.345573493721642,1.464200053300169,1360.9591836734694,0.014815483217852,0.0,0.0,49.0,PAHO,Colombia,56046.0,59270.0,89724.0,108519.0,0.9362487956321593,0.8309262696136326,56862,59128,100714,133374,1.345573493721642,1.25568258693005,0.9030676655700846,False,False,False,59.06040268456376,81.20805369127517,False,Not screen-positive in either version,0.7347758933525275,False,False,58.38926174496645,79.86577181208054,Not screen-positive in either version,1.7234708592733283,False,False,False,False,False,False,False,False,False,0,True,False
1024.0,1141.0,1317.0,1702.0,2165.0,698.0,812.0,1066.0,1374.0,0.8974583698510079,,,,174,COM,,,,,0,,Comoros,Medium HDI,0,0,Lower middle income,,0,,,,,866638.0,964270.0,1133787.0,1307567.0,,,,,313.0,209.0,325.0,378.0,494.0,638.0,210.0,245.0,322.0,419.0,0.963076923076923,0.9952380952380953,,6.060809085094728e-05,,,,AFRO,Comoros,396.0,458.0,719.0,946.0,1.3888888888888888,1.0655021834061136,325,332,494,638,0.963076923076923,0.9216867469879518,,False,False,False,,,False,Not comparable,,False,False,,,Not comparable,,False,False,False,False,False,False,False,False,False,0,False,False
9330.0,7121.0,8885.0,12344.0,16451.0,4519.0,5681.0,7967.0,10640.0,1.3102092402752423,,,,178,COG,,,,,0,,"Congo, Republic of",Medium HDI,0,1,Lower middle income,,0,,,,,6332969.0,7282275.0,9083978.0,11006481.0,,,,,2809.0,1723.0,2035.0,2558.0,3594.0,4844.0,1214.0,1538.0,2177.0,2937.0,1.3803439803439803,1.4192751235584844,,0.0005439237290744,,,,AFRO,"Congo, Republic of",1532.0,1751.0,2979.0,4030.0,1.6305483028720626,1.3015419760137064,2035,2117,3594,4844,1.3803439803439803,1.28814359943316,,False,False,False,,,False,Not comparable,,False,False,,,Not comparable,,False,False,False,False,False,False,False,False,False,0,False,False
188114.0,138605.0,168318.0,233243.0,326719.0,88321.0,107062.0,148281.0,208497.0,1.3571949063886584,0.0,No,0.0,180,COD,0.0,Democratic Republic of the Congo,COD,2021.0,1,Middle Africa,"Congo, Democratic Republic of",Low HDI,1,1,Low income,0.0,1,1.0,0.0030607341476926,0.0108794986727011,0.0091511174539336,109276272.0,131532209.0,172595588.0,218246079.0,0.0,0.1087949867270116,1.0,1.0,53469.0,32615.0,38447.0,46776.0,65134.0,91916.0,23584.0,28638.0,39784.0,56199.0,1.3907196920435925,1.382929104477612,91916.0,0.0103535271875696,0.0,0.0,1.0,AFRO,Democratic Republic of the Congo,29343.0,32255.0,53991.0,76751.0,1.6156493882697747,1.379507053170051,38447,39724,65134,91916,1.3907196920435925,1.3138656731446985,0.01302914620004951,True,True,True,84.56375838926175,84.56375838926175,True,Retained,0.010879498672701162,True,True,84.56375838926175,85.90604026845638,Retained,0.026009831716388796,True,True,True,True,True,True,True,True,True,7,False,False
20001.0,25587.0,30315.0,38332.0,45588.0,12121.0,14930.0,20330.0,25749.0,0.7816860124281861,0.1068947087119187,No,1.0,188,CRI,0.0,Costa Rica,CRI,2026.0,1,Central America,Costa Rica,Very High HDI,0,0,Upper middle income,1.0,0,12.0,0.2632271650434324,1.282736504543025,2.3392173095843,5129921.0,5251506.0,5369813.0,5354161.0,0.0,5.344735435595938,7.0,5.0,3994.0,2584.0,5361.0,6342.0,7927.0,9355.0,2128.0,2643.0,3657.0,4712.0,0.7450102592799851,1.2142857142857142,779.5833333333334,0.0007733824755868,0.0,0.0,83.0,PAHO,Costa Rica,5231.0,5601.0,8461.0,10303.0,0.9696042821640222,0.8394929476879128,5361,5522,7927,9355,0.7450102592799851,0.6941325606664253,1.1647093079685529,False,False,False,61.74496644295302,52.348993288590606,False,Not screen-positive in either version,1.282736504543025,False,False,59.06040268456376,51.67785234899329,Not screen-positive in either version,2.238388360380526,False,False,False,False,False,False,False,False,False,0,True,False
729.0,53650.0,54711.0,55650.0,54379.0,27007.0,28276.0,30462.0,30878.0,0.0135880708294501,0.5308258133009782,No,7.0,191,HRV,0.0,Croatia,HRV,2026.0,1,Southern Europe,Croatia,Very High HDI,0,0,High income,0.0,0,36.0,0.6620202651758951,2.729961325547888,9.28951948670244,3875335.0,3725779.0,3488316.0,3234168.0,0.0,7.583225904299689,10.0,10.0,-45.0,730.0,13232.0,13466.0,13577.0,13187.0,6198.0,6463.0,6879.0,6928.0,-0.0034008464328899,0.1177799290093578,366.30555555555554,-8.71362328527996e-06,0.0,0.0,143.0,EURO,Croatia,13831.0,14098.0,14631.0,14540.0,0.05126165859301569,0.031351964817704636,13232,13267,13577,13187,-0.003400846432889964,-0.006029999246250094,2.4759284731774414,False,False,False,7.38255033557047,4.697986577181208,False,Not screen-positive in either version,2.729961325547888,False,False,6.7114093959731544,4.697986577181208,Not screen-positive in either version,2.7206771463119708,False,False,False,False,False,False,False,False,False,0,True,False
37269.0,96919.0,107779.0,124452.0,134188.0,55797.0,62916.0,74147.0,82270.0,0.3845376035658643,0.1493020130888098,No,6.0,192,CUB,0.0,Cuba,CUB,2026.0,1,Caribbean,Cuba,High HDI,0,0,Upper middle income,7.0,1,20.0,0.1490446239604137,0.4976733769626993,1.8215284627483768,10979790.0,10700834.0,10125846.0,9382008.0,0.0,2.2395301963321472,9.0,9.0,10581.0,8465.0,29606.0,32984.0,37869.0,40187.0,17310.0,19581.0,23132.0,25775.0,0.3573937715327974,0.4890236857307914,2009.35,0.0020488632884788,0.0,0.0,37.0,PAHO,Cuba,29607.0,30207.0,36953.0,38305.0,0.29378187590772453,0.26808355679147217,29606,30152,37869,40187,0.3573937715327974,0.3328137436985938,0.5221250489492233,False,False,False,24.832214765100673,30.87248322147651,False,Not screen-positive in either version,0.49767337696269937,False,False,24.161073825503358,30.87248322147651,Not screen-positive in either version,0.6755387421468622,False,False,False,False,False,False,False,False,False,0,True,False
7702.0,12030.0,13732.0,16750.0,19732.0,5340.0,6317.0,8324.0,10540.0,0.6402327514546966,0.5601194921583271,No,3.0,196,CYP,0.0,Cyprus,CYP,2025.0,1,Western Asia,Cyprus,Very High HDI,0,0,High income,1.0,0,10.0,0.5067909993918508,1.8670649738610905,7.362181797299994,1358293.0,1422327.0,1484855.0,1508489.0,0.0,3.734129947722181,2.0,2.0,2188.0,1204.0,3168.0,3641.0,4487.0,5356.0,1245.0,1471.0,1934.0,2449.0,0.6906565656565656,0.9670682730923694,535.6,0.0004236757277376,0.0,0.0,111.0,EURO,Cyprus,3156.0,3493.0,4786.0,5689.0,0.8025982256020279,0.6286859433152018,3168,3241,4487,5356,0.6906565656565656,0.6525763653193459,1.7577781683951486,False,False,False,50.33557046979866,49.664429530201346,False,Not screen-positive in either version,1.8670649738610903,False,False,46.97986577181208,50.33557046979866,Not screen-positive in either version,3.1565656565656566,False,False,False,False,False,False,False,False,False,0,True,False
22863.0,126139.0,133781.0,143766.0,149002.0,57459.0,63406.0,70584.0,76487.0,0.1812524278771831,0.4503363449576402,No,16.0,203,CZE,0.0,Czech Republic,CZE,2021.0,1,Eastern Europe,Czechia,Very High HDI,0,0,High income,30.0,0,67.0,0.4496583938470624,1.8857834445101185,6.240762274647937,10735868.0,10425098.0,10107233.0,9825552.0,1.0,10.132567761546904,38.0,36.0,4633.0,4126.0,30896.0,32479.0,34705.0,35529.0,12838.0,14088.0,15661.0,16964.0,0.1499546866908337,0.3213896245521109,530.2835820895523,0.0008971159262378,0.0,0.0,113.0,EURO,Czechia,31167.0,30994.0,34136.0,35505.0,0.13918567715853306,0.14554429889656062,30896,31124,34705,35529,0.14995468669083376,0.1415306515871996,1.8870581608224193,False,False,False,10.738255033557047,17.449664429530202,False,Not screen-positive in either version,1.8857834445101185,False,False,14.093959731543624,17.449664429530202,Not screen-positive in either version,2.1685655100983947,False,False,False,False,False,False,False,False,False,0,False,False
24248.0,18289.0,22375.0,31055.0,42537.0,11611.0,14233.0,19883.0,27396.0,1.3258242659522117,,,,204,BEN,,,,,0,,Benin,Low HDI,0,1,Lower middle income,,0,,,,,14462734.0,16618832.0,20445769.0,24433817.0,,,,,7745.0,4665.0,5615.0,6905.0,9660.0,13360.0,3317.0,4085.0,5744.0,7982.0,1.379341050756901,1.406391317455532,,0.0014997113854331,,,,AFRO,Benin,3936.0,4392.0,7370.0,10224.0,1.5975609756097562,1.3278688524590163,5615,5811,9660,13360,1.379341050756901,1.2990879366718293,,False,False,False,,,False,Not comparable,,False,False,,,Not comparable,,False,False,False,False,False,False,False,False,False,0,False,False
18279.0,87817.0,94586.0,101745.0,106096.0,35360.0,40203.0,45398.0,49648.0,0.2081487639067606,0.3103541917213019,No,8.0,208,DNK,0.0,Denmark,DNK,2020.0,1,Northern Europe,Denmark,Very High HDI,0,0,High income,8.0,0,55.0,0.5183984316091087,2.1336850680839508,9.201294203853836,5977420.0,6082003.0,6134669.0,6124847.0,1.0,3.103541917213019,8.0,8.0,3922.0,3449.0,21855.0,23377.0,24947.0,25777.0,8654.0,9834.0,11082.0,12103.0,0.1794555021734157,0.3985440258839843,468.6727272727273,0.0007594406783304,0.0,0.0,127.0,EURO,Denmark,21793.0,22828.0,25858.0,27190.0,0.2476483274445923,0.1910811284387594,21855,22144,24947,25777,0.1794555021734157,0.1640625,2.0228025009194557,False,False,False,20.80536912751678,20.13422818791946,False,Not screen-positive in either version,2.1336850680839508,False,False,20.13422818791946,20.13422818791946,Not screen-positive in either version,2.516586593456875,False,False,False,False,False,False,False,False,False,0,False,False
41716.0,41600.0,50629.0,67304.0,83316.0,22933.0,27996.0,37277.0,46275.0,1.0027884615384617,0.2316334015365015,No,6.0,214,DOM,0.0,Dominican Republic,DOM,2025.0,1,Caribbean,Dominican Republic,High HDI,0,0,Upper middle income,0.0,0,21.0,0.2520524269047962,0.8107169053777554,1.8376616682852676,11427566.0,11938862.0,12579330.0,12996300.0,0.0,4.632668030730032,12.0,12.0,13550.0,6903.0,12353.0,15244.0,20668.0,25903.0,6427.0,7905.0,10655.0,13330.0,1.0968995385736258,1.0740625486229969,1233.4761904761904,0.0026237687892342,0.0,0.0,52.0,PAHO,Dominican Republic,12575.0,13381.0,19418.0,23487.0,0.8677534791252485,0.7552499813167924,12353,12801,20668,25903,1.0968995385736258,1.0235137879853136,0.8941116362242942,False,False,False,53.02013422818792,71.14093959731544,False,Not screen-positive in either version,0.8107169053777554,False,False,55.70469798657718,70.46979865771812,Not screen-positive in either version,1.6999919048004533,False,False,False,False,False,False,False,False,False,0,True,False
71585.0,61080.0,74258.0,100963.0,132665.0,31220.0,38582.0,54027.0,72997.0,1.1719875573018992,0.1795783500341199,No,5.0,218,ECU,0.0,Ecuador,ECU,2025.0,1,South America,Ecuador,High HDI,0,0,Upper middle income,0.0,0,38.0,0.2864357592432066,1.364795460259311,2.0953396063022303,18135485.0,19069730.0,20434229.0,21337247.0,0.0,4.309880400818877,15.0,12.0,14987.0,7981.0,12856.0,15656.0,21267.0,27843.0,5696.0,7079.0,10014.0,13677.0,1.1657591785936527,1.4011587078651686,732.7105263157895,0.0029020238261442,0.0,0.0,90.0,PAHO,Ecuador,13386.0,14318.0,22665.0,29246.0,1.1848199611534438,1.042603715602738,12856,13288,21267,27843,1.1657591785936527,1.0953491872366043,1.2993229843397387,False,False,False,71.14093959731544,73.8255033557047,False,Not screen-positive in either version,1.364795460259311,False,False,72.48322147651007,73.8255033557047,Not screen-positive in either version,2.955818294959552,False,False,False,False,False,False,False,False,False,0,True,False
14241.0,18825.0,21404.0,26589.0,33066.0,10878.0,12456.0,15695.0,19867.0,0.7564940239043825,0.251351011687822,No,2.0,222,SLV,0.0,El Salvador,SLV,2026.0,1,Central America,El Salvador,Medium HDI,0,0,Lower middle income,0.0,0,14.0,0.4233956329764713,1.7594570818147544,2.208828308091159,6338202.0,6486215.0,6640759.0,6663353.0,0.0,6.283775292195551,5.0,5.0,3472.0,1566.0,4485.0,5113.0,6362.0,7957.0,1933.0,2212.0,2779.0,3499.0,0.7741360089186177,0.8101396792550439,568.3571428571429,0.0006723044454776,0.0,0.0,107.0,PAHO,El Salvador,4798.0,4629.0,6261.0,7502.0,0.5635681533972489,0.620652408727587,4485,4585,6362,7957,0.7741360089186177,0.7354416575790622,1.8661690215942415,False,False,False,38.25503355704698,55.70469798657718,False,Not screen-positive in either version,1.7594570818147544,False,False,46.308724832214764,55.70469798657718,Not screen-positive in either version,3.121516164994426,False,False,False,False,False,False,False,False,False,0,True,False
2540.0,2371.0,2857.0,3831.0,4911.0,1509.0,1840.0,2515.0,3228.0,1.0712779417967102,,,,226,GNQ,,,,,0,,Equatorial Guinea,Medium HDI,0,0,Upper middle income,,0,,,,,1892528.0,2170451.0,2665593.0,3143737.0,,,,,699.0,436.0,599.0,728.0,997.0,1298.0,362.0,444.0,613.0,798.0,1.1669449081803005,1.2044198895027625,,0.0001353516150313,,,,AFRO,Equatorial Guinea,487.0,763.0,1307.0,1757.0,2.6078028747433266,1.3027522935779816,599,620,997,1298,1.1669449081803005,1.0935483870967742,,False,False,False,,,False,Not comparable,,False,False,,,Not comparable,,False,False,False,False,False,False,False,False,False,0,False,False
208792.0,155874.0,191407.0,265899.0,364666.0,93035.0,114816.0,161177.0,225013.0,1.339492153919191,0.0200777007017156,No,2.0,231,ETH,0.0,Ethiopia,ETH,2022.0,1,Eastern Africa,Ethiopia,Low HDI,1,1,Low income,0.0,1,3.0,0.0082267060817295,0.0301165510525734,0.0227169853748653,132059776.0,152855370.0,188450909.0,225021884.0,0.0,0.2007770070171564,3.0,2.0,58264.0,35145.0,41349.0,51143.0,71951.0,99613.0,23992.0,29754.0,42145.0,59137.0,1.409078816900046,1.4648632877625876,33204.333333333336,0.0112820121576344,0.0,0.0,3.0,AFRO,Ethiopia,37430.0,41724.0,71634.0,99468.0,1.6574405557039809,1.3839516824849007,41349,42857,71951,99613,1.4090788169000459,1.3243110810369367,0.03016045361322234,True,True,True,86.57718120805369,86.57718120805369,True,Retained,0.030116551052573458,True,True,85.23489932885906,86.57718120805369,Retained,0.07255314517884351,True,True,True,True,True,True,True,True,True,7,False,False
5921.0,5322.0,6282.0,8381.0,11243.0,3396.0,4018.0,5359.0,7275.0,1.1125516723036453,,,,232,ERI,,,,,0,,Eritrea,Low HDI,0,0,Low income,,0,,,,,3535611.0,4002683.0,4868688.0,5696072.0,,,,,1579.0,949.0,1374.0,1630.0,2198.0,2953.0,825.0,977.0,1312.0,1774.0,1.1491994177583698,1.1503030303030304,,0.0003057513592768,,,,AFRO,Eritrea,1154.0,1260.0,1962.0,2645.0,1.2920277296360485,1.0992063492063493,1374,1412,2198,2953,1.1491994177583698,1.091359773371105,,False,False,False,,,False,Not comparable,,False,False,,,Not comparable,,False,False,False,False,False,False,False,False,False,0,False,False
2799.0,16491.0,17235.0,18519.0,19290.0,8156.0,8694.0,9779.0,10559.0,0.1697289430598508,0.6263048016701461,No,3.0,233,EST,0.0,Estonia,EST,2026.0,1,Northern Europe,Estonia,Very High HDI,0,0,High income,0.0,0,10.0,0.5184033177812338,2.0876826722338206,7.349930947398749,1360557.0,1302781.0,1236796.0,1174276.0,0.0,4.175365344467641,2.0,2.0,660.0,563.0,4130.0,4316.0,4614.0,4790.0,1820.0,1942.0,2196.0,2383.0,0.1598062953995157,0.3093406593406593,479.0,0.0001277998081841,0.0,0.0,124.0,EURO,Estonia,3996.0,4081.0,4505.0,4663.0,0.16691691691691693,0.1426121048762558,4130,4157,4614,4790,0.15980629539951574,0.15227327399566995,2.144542140253056,False,False,False,13.422818791946309,18.120805369127517,False,Not screen-positive in either version,2.0876826722338206,False,False,13.422818791946309,18.120805369127517,Not screen-positive in either version,2.4213075060532687,False,False,False,False,False,False,False,False,False,0,True,False
1440.0,3462.0,3770.0,4334.0,4902.0,1686.0,1864.0,2186.0,2526.0,0.4159445407279029,,,,242,FJI,,,,,0,,Fiji,High HDI,0,0,Upper middle income,,0,,,,,928791.0,953116.0,983866.0,1000272.0,,,,,421.0,233.0,955.0,1043.0,1203.0,1376.0,462.0,512.0,600.0,695.0,0.4408376963350785,0.5043290043290043,,8.152078673561918e-05,,,,WPRO,Fiji,892.0,930.0,1196.0,1363.0,0.5280269058295964,0.46559139784946235,955,968,1203,1376,0.4408376963350785,0.4214876033057851,,False,False,False,,,False,Not comparable,,False,False,,,Not comparable,,False,False,False,False,False,False,False,False,False,0,False,False
10079.0,70219.0,74973.0,79100.0,80298.0,27285.0,30183.0,33143.0,33976.0,0.1435366496247454,0.3531073446327684,No,7.0,246,FIN,0.0,Finland,FIN,2020.0,1,Northern Europe,Finland,Very High HDI,0,0,High income,0.0,0,50.0,0.622680515081322,2.522195318805488,8.901046531644912,5617317.0,5592058.0,5480532.0,5351655.0,0.0,6.557707828894269,13.0,13.0,2160.0,1460.0,17664.0,18690.0,19530.0,19824.0,5852.0,6460.0,7106.0,7312.0,0.1222826086956521,0.2494873547505126,396.48,0.0004182539176934,0.0,0.0,141.0,EURO,Finland,18410.0,19053.0,21049.0,21600.0,0.1732753938077132,0.1336797354747284,17664,17857,19530,19824,0.12228260869565218,0.11015288122304978,2.314814814814815,False,False,False,14.093959731543624,16.10738255033557,False,Not screen-positive in either version,2.522195318805488,False,False,12.751677852348994,16.10738255033557,Not screen-positive in either version,2.8306159420289854,False,False,False,False,False,False,False,False,False,0,False,False
152899.0,839813.0,901216.0,972140.0,992712.0,363292.0,404765.0,471209.0,499607.0,0.1820631497726279,0.353880695021685,No,90.0,250,FRA,0.0,France,FRA,2023.0,1,Western Europe,France (metropolitan),Very High HDI,0,0,High income,2.0,0,570.0,0.574184657785944,2.241244401804005,8.56517702259931,66548537.0,67107697.0,67938912.0,68219684.0,4.0,6.60577297373812,170.0,168.0,30970.0,27975.0,223353.0,237774.0,251845.0,254323.0,84496.0,93378.0,106992.0,112471.0,0.1386594314828992,0.331080761219466,446.180701754386,0.0059969091810026,0.0,0.0,130.0,EURO,France (metropolitan),234249.0,240984.0,270746.0,277625.0,0.18517048098391028,0.15204743883411348,223353,225979,251845,254323,0.13865943148289928,0.1254275839790423,2.0531292210715892,False,False,False,16.778523489932887,16.778523489932887,False,Not screen-positive in either version,2.241244401804005,False,False,15.436241610738255,16.778523489932887,Not screen-positive in either version,2.5520140763723793,False,False,False,False,False,False,False,False,False,0,True,False
1416.0,1136.0,1368.0,1916.0,2552.0,478.0,586.0,836.0,1120.0,1.2464788732394363,,,,254,GUF,,,,,0,,French Guyana,,0,1,,,0,,,,,308535.0,341740.0,406176.0,471925.0,,,,,407.0,144.0,314.0,376.0,528.0,721.0,112.0,135.0,192.0,256.0,1.2961783439490446,1.2857142857142858,,7.880988171353208e-05,,,,PAHO,French Guyana,328.0,357.0,610.0,795.0,1.423780487804878,1.226890756302521,314,322,528,721,1.2961783439490446,1.2391304347826086,,False,False,False,,,False,Not comparable,,False,False,,,Not comparable,,False,False,False,False,False,False,False,False,False,0,False,False
1558.0,1966.0,2402.0,3072.0,3524.0,850.0,1092.0,1528.0,1918.0,0.7924720244150559,,,,258,PYF,,,,,0,,French Polynesia,,0,0,High income,,0,,,,,281816.0,285556.0,289179.0,284757.0,,,,,548.0,361.0,649.0,801.0,1033.0,1197.0,277.0,356.0,502.0,638.0,0.8443759630200308,1.3032490974729245,,0.0001061125680074,,,,WPRO,French Polynesia,521.0,646.0,1007.0,1189.0,1.2821497120921306,0.8405572755417957,649,673,1033,1197,0.8443759630200308,0.7786032689450223,,False,False,False,,,False,Not comparable,,False,False,,,Not comparable,,False,False,False,False,False,False,False,False,False,0,False,False
1825.0,2123.0,2524.0,3248.0,3948.0,1381.0,1668.0,2192.0,2703.0,0.8596325953838907,,,,262,DJI,,,,,0,,Djibouti,Low HDI,0,0,Lower middle income,,0,,,,,1168731.0,1262684.0,1406643.0,1530550.0,,,,,486.0,317.0,556.0,661.0,852.0,1042.0,330.0,397.0,522.0,647.0,0.8741007194244604,0.9606060606060606,,9.410713148102356e-05,,,,EMRO,Djibouti,398.0,460.0,700.0,867.0,1.178391959798995,0.8847826086956522,556,572,852,1042,0.8741007194244604,0.8216783216783217,,False,False,False,,,False,Not comparable,,False,False,,,Not comparable,,False,False,False,False,False,False,False,False,False,0,False,False
3474.0,3135.0,3778.0,5107.0,6609.0,1987.0,2423.0,3344.0,4355.0,1.108133971291866,0.0,No,0.0,266,GAB,0.0,Gabon,GAB,2018.0,1,Middle Africa,Gabon,Medium HDI,0,1,Upper middle income,0.0,0,2.0,0.302617642608564,1.1299435028248588,0.7877241075085862,2538960.0,2866675.0,3452995.0,4084541.0,0.0,5.649717514124294,1.0,1.0,965.0,600.0,805.0,982.0,1350.0,1770.0,476.0,585.0,816.0,1076.0,1.1987577639751552,1.2605042016806722,885.0,0.000186858810451,0.0,0.0,74.0,AFRO,Gabon,1002.0,1177.0,1912.0,2504.0,1.4990019960079841,1.1274426508071367,805,831,1350,1770,1.1987577639751552,1.1299638989169676,0.7987220447284346,True,False,False,79.86577181208054,75.83892617449665,False,Not screen-positive in either version,1.1299435028248588,False,False,75.16778523489933,75.83892617449665,Not screen-positive in either version,2.484472049689441,False,False,False,False,False,False,False,False,False,0,False,False
7269.0,31324.0,33045.0,36257.0,38593.0,15410.0,16298.0,17938.0,19237.0,0.232058485506321,0.3040129712201054,No,3.0,268,GEO,0.0,Georgia,GEO,2026.0,1,Western Asia,Georgia,Very High HDI,0,0,Upper middle income,1.0,0,20.0,0.5182286943228046,2.026753141467369,5.252546368822776,3807677.0,3790550.0,3732867.0,3664024.0,0.0,9.120389136603162,9.0,9.0,1887.0,854.0,7981.0,8451.0,9257.0,9868.0,3546.0,3756.0,4106.0,4400.0,0.2364365367748402,0.2408347433728144,493.4,0.0003653912697627,0.0,0.0,117.0,EURO,Georgia,6838.0,6132.0,6615.0,6778.0,-0.008774495466510676,0.10534898891063274,7981,8052,9257,9868,0.23643653677484025,0.22553402881271734,2.950722927117144,False,False,False,5.369127516778524,22.818791946308725,False,Not screen-positive in either version,2.026753141467369,False,False,8.724832214765101,23.48993288590604,Not screen-positive in either version,2.505951635133442,False,False,False,False,False,False,False,False,False,0,True,False
5203.0,3836.0,4730.0,6578.0,9039.0,2772.0,3419.0,4775.0,6651.0,1.3563607924921794,,,,270,GMB,,,,,0,,The Republic of the Gambia,Low HDI,0,1,Low income,,0,,,,,2759997.0,3130142.0,3732807.0,4301904.0,,,,,1302.0,828.0,940.0,1164.0,1628.0,2242.0,582.0,722.0,1011.0,1410.0,1.3851063829787231,1.422680412371134,,0.0002521141670541,,,,AFRO,The Republic of the Gambia,601.0,719.0,1231.0,1691.0,1.8136439267886855,1.3518776077885952,940,976,1628,2242,1.3851063829787233,1.2971311475409837,,False,False,False,,,False,Not comparable,,False,False,,,Not comparable,,False,False,False,False,False,False,False,False,False,0,False,False
23105.0,14851.0,18312.0,26684.0,37956.0,7137.0,8869.0,13270.0,19425.0,1.555787489057976,,,,275,PSE,,,,,0,,Gaza Strip and West Bank,High HDI,0,1,Lower middle income,,0,,,,,5495449.0,6122325.0,7291836.0,8451899.0,,,,,6044.0,2960.0,3661.0,4548.0,6725.0,9705.0,1703.0,2118.0,3176.0,4663.0,1.650915050532641,1.7381092190252496,,0.0011703364252496,,,,EMRO,Gaza Strip and West Bank,2311.0,2561.0,4649.0,6731.0,1.9125919515361316,1.62827020695041,3661,3747,6725,9705,1.6509150505326413,1.590072057646117,,False,False,False,,,False,Not comparable,,False,False,,,Not comparable,,False,False,False,False,False,False,False,False,False,0,False,False
124780.0,1094656.0,1141228.0,1210823.0,1219436.0,512528.0,540066.0,599713.0,639947.0,0.113990148503274,0.785130255530499,No,227.0,276,DEU,0.0,Germany,DEU,2026.0,1,Western Europe,Germany,Very High HDI,0,0,High income,113.0,0,723.0,0.592897044207322,2.5006571574826024,8.550925509954785,84552251.0,82780965.0,80551744.0,78294623.0,7.0,12.728102820934962,372.0,368.0,20947.0,25954.0,268177.0,280179.0,293072.0,289124.0,119381.0,125748.0,137599.0,145335.0,0.0781088609388575,0.2174047796550539,399.8948824343015,0.0040560948212613,0.0,0.0,138.0,EURO,Germany,278175.0,285400.0,326320.0,329669.0,0.18511368742697942,0.15511212333566923,268177,270058,293072,289124,0.07810886093885755,0.07059964896429656,2.1931088455390104,False,False,False,16.10738255033557,11.409395973154362,False,Not screen-positive in either version,2.5006571574826024,False,False,16.778523489932887,11.409395973154362,Not screen-positive in either version,2.69598063965217,False,False,False,False,False,False,False,False,False,0,True,False
62902.0,54224.0,66121.0,89945.0,117126.0,35243.0,43309.0,59676.0,78336.0,1.160039834759516,0.0874661068835826,No,3.0,288,GHA,0.0,Ghana,GHA,2026.0,1,Western Africa,Ghana,Medium HDI,1,1,Lower middle income,0.0,1,6.0,0.0512268838686542,0.1749322137671652,0.1742796774036696,34427422.0,38222099.0,44568359.0,50553055.0,0.0,0.8746610688358262,3.0,3.0,19053.0,11886.0,15246.0,18777.0,25969.0,34299.0,9042.0,11214.0,15711.0,20928.0,1.2497048406139315,1.3145321831453218,5716.5,0.0036893480989875,0.0,0.0,26.0,AFRO,Ghana,13690.0,15811.0,25593.0,33761.0,1.4661066471877282,1.1352855606855987,15246,15792,25969,34299,1.2497048406139315,1.1719224924012157,0.1777198542697195,True,True,True,79.19463087248322,77.18120805369128,True,Retained,0.17493221376716522,True,True,75.83892617449665,77.18120805369128,Retained,0.39354584809130266,True,False,True,False,True,True,True,True,True,6,True,True
13475.0,125783.0,129730.0,137170.0,139258.0,63748.0,66744.0,73776.0,79380.0,0.1071289442929489,0.4418683232396745,No,17.0,300,GRC,0.0,Greece,GRC,2023.0,1,Southern Europe,Greece,Very High HDI,0,0,High income,0.0,0,58.0,0.4164931278633902,1.5075507498765368,5.772392378969104,10047827.0,9721991.0,9275624.0,8812077.0,0.0,7.797676292464845,30.0,30.0,3086.0,3624.0,35387.0,36539.0,38437.0,38473.0,15655.0,16407.0,18090.0,19279.0,0.0872071664735637,0.2314915362503992,663.3275862068965,0.0005975609212971,0.0,0.0,97.0,EURO,Greece,35527.0,36552.0,40317.0,40972.0,0.15326371492104596,0.12092361567082513,35387,35509,38437,38473,0.08720716647356373,0.08347179588273396,1.415600898174363,False,False,False,12.080536912751679,12.080536912751679,False,Not screen-positive in either version,1.5075507498765368,False,False,10.738255033557047,12.751677852348994,Not screen-positive in either version,1.6390199790883657,False,False,False,False,False,False,False,False,False,0,True,False
-382.0,3748.0,3964.0,3867.0,3366.0,1664.0,1780.0,1784.0,1588.0,-0.1019210245464247,0.0,No,0.0,312,GLP,0.0,Guadeloupe,GLP,2023.0,1,Caribbean,"France, Guadeloupe",,0,0,,0.0,0,3.0,0.8912655971479501,3.076923076923077,7.99754741879157,375115.0,366352.0,348997.0,326330.0,0.0,10.256410256410255,1.0,1.0,-195.0,-51.0,1170.0,1222.0,1153.0,975.0,391.0,410.0,392.0,340.0,-0.1666666666666666,-0.1304347826086956,325.0,-3.775903423621316e-05,0.0,0.0,147.0,PAHO,"France, Guadeloupe",1234.0,1232.0,1270.0,1147.0,-0.07050243111831442,-0.0689935064935065,1170,1182,1153,975,-0.16666666666666666,-0.1751269035532995,2.6155187445510024,False,False,False,2.013422818791946,1.342281879194631,False,Not screen-positive in either version,3.076923076923077,False,False,1.342281879194631,1.342281879194631,Not screen-positive in either version,2.5641025641025643,False,False,False,False,False,False,False,False,False,0,True,False
388.0,902.0,1040.0,1202.0,1290.0,480.0,592.0,754.0,850.0,0.4301552106430155,,,,316,GUM,,,,,0,,Guam,,0,0,High income,,0,,,,,167785.0,174643.0,183628.0,191469.0,,,,,102.0,105.0,253.0,293.0,336.0,355.0,139.0,171.0,217.0,244.0,0.4031620553359684,0.7553956834532374,,1.975087944663457e-05,,,,WPRO,Guam,249.0,283.0,388.0,432.0,0.7349397590361446,0.5265017667844523,253,260,336,355,0.4031620553359684,0.36538461538461536,,False,False,False,,,False,Not comparable,,False,False,,,Not comparable,,False,False,False,False,False,False,False,False,False,0,False,False
56303.0,40960.0,50838.0,70998.0,97263.0,23393.0,29128.0,41386.0,57781.0,1.3745849609375,0.2190772466371642,No,5.0,320,GTM,0.0,Guatemala,GTM,2026.0,1,Central America,Guatemala,Medium HDI,1,1,Upper middle income,1.0,1,8.0,0.0822512157757831,0.3505235946194628,0.4346322353907338,18406366.0,20067263.0,22626878.0,24670864.0,0.0,2.1907724663716426,5.0,5.0,13557.0,5891.0,9266.0,11673.0,16537.0,22823.0,3939.0,4944.0,7075.0,9830.0,1.4630908698467515,1.4955572480324957,2852.875,0.0026251242417453,0.0,0.0,32.0,PAHO,Guatemala,8259.0,8262.0,13862.0,19202.0,1.324978810994067,1.3241345921084484,9266,9635,16537,22823,1.4630908698467515,1.368759730150493,0.41662326840954067,False,True,False,74.49664429530202,91.94630872483222,True,New in GCO version 2024,0.3505235946194628,True,True,81.87919463087249,91.2751677852349,Retained,0.8633714655730628,False,False,False,False,True,True,False,True,True,4,True,True
26066.0,23051.0,27409.0,36565.0,49117.0,15463.0,18356.0,24663.0,33568.0,1.1307969285497377,,,,324,GIN,,,,,0,,Guinea,Low HDI,0,1,Low income,,0,,,,,14754794.0,16807158.0,20160761.0,23404591.0,,,,,6554.0,3872.0,5468.0,6526.0,8788.0,12022.0,3148.0,3740.0,5066.0,7020.0,1.1986100950987564,1.229987293519695,,0.0012690908224827,,,,AFRO,Guinea,4807.0,5595.0,9063.0,12336.0,1.5662575410859163,1.2048257372654156,5468,5633,8788,12022,1.1986100950987564,1.1342091248002841,,False,False,False,,,False,Not comparable,,False,False,,,Not comparable,,False,False,False,False,False,False,False,False,False,0,False,False
1844.0,2700.0,3128.0,3866.0,4544.0,1376.0,1606.0,1990.0,2354.0,0.682962962962963,0.6729475100942126,No,1.0,328,GUY,0.0,Guyana,GUY,2024.0,1,South America,Guyana,High HDI,0,0,Upper middle income,0.0,0,1.0,0.2200704225352112,0.6729475100942126,1.2032289853049645,831097.0,861049.0,907517.0,940618.0,0.0,6.729475100942127,1.0,1.0,643.0,303.0,843.0,991.0,1251.0,1486.0,388.0,459.0,579.0,691.0,0.7627520759193357,0.7809278350515464,1486.0,0.000124507994943,0.0,0.0,45.0,PAHO,Guyana,731.0,705.0,978.0,1123.0,0.5362517099863201,0.5929078014184397,843,866,1251,1486,0.7627520759193357,0.7159353348729792,0.8904719501335708,False,False,False,36.91275167785235,55.033557046979865,False,Not screen-positive in either version,0.6729475100942126,False,False,44.966442953020135,54.36241610738255,Not screen-positive in either version,1.1862396204033214,False,False,False,False,False,False,False,False,False,0,True,False
28083.0,29226.0,34316.0,44544.0,57309.0,18834.0,22299.0,29478.0,38654.0,0.9608909874769042,,,,332,HTI,,,,,0,,Haiti,Medium HDI,0,0,Lower middle income,,0,,,,,11772564.0,12552367.0,13733862.0,14710871.0,,,,,7326.0,4456.0,7060.0,8366.0,11004.0,14386.0,4077.0,4848.0,6445.0,8533.0,1.0376770538243627,1.0929605101790532,,0.0014185778708435,,,,PAHO,Haiti,6713.0,6002.0,9168.0,11977.0,0.7841501564129302,0.9955014995001666,7060,7267,11004,14386,1.0376770538243627,0.979633961744874,,False,False,False,,,False,Not comparable,,False,False,,,Not comparable,,False,False,False,False,False,False,False,False,False,0,False,False
27347.0,21337.0,26188.0,36190.0,48684.0,13000.0,16192.0,22996.0,31778.0,1.2816703379106715,0.1754847766956216,No,2.0,340,HND,0.0,Honduras,HND,2024.0,1,Central America,Honduras,Medium HDI,0,1,Lower middle income,0.0,0,10.0,0.2054062936488374,0.8774238834781083,0.9237266866394852,10825713.0,11885328.0,13484663.0,14846787.0,0.0,4.387119417390541,5.0,5.0,6693.0,4414.0,4704.0,5865.0,8291.0,11397.0,2948.0,3690.0,5281.0,7362.0,1.4228316326530612,1.4972862957937585,1139.7,0.0012960062366306,0.0,0.0,61.0,PAHO,Honduras,4853.0,4990.0,8452.0,11494.0,1.3684318977951782,1.3034068136272545,4704,4884,8291,11397,1.4228316326530612,1.3335380835380835,0.8700191404210893,True,False,False,75.16778523489933,87.24832214765101,False,Not screen-positive in either version,0.8774238834781083,False,False,81.20805369127517,87.24832214765101,Not screen-positive in either version,2.1258503401360542,False,False,False,False,False,False,False,False,False,0,True,False
9900.0,126425.0,130076.0,135250.0,136325.0,62588.0,65986.0,70661.0,73347.0,0.0783072968162942,0.3847845206684256,No,14.0,348,HUN,0.0,Hungary,HUN,2026.0,1,Eastern Europe,Hungary,Very High HDI,0,0,High income,4.0,0,54.0,0.3961122317990097,1.4841688654353562,5.580737196781238,9676141.0,9449124.0,9067624.0,8725357.0,0.0,3.847845206684257,14.0,14.0,2367.0,2525.0,34017.0,34877.0,36216.0,36384.0,16445.0,17237.0,18408.0,18970.0,0.069582855631008,0.1535421100638491,673.7777777777778,0.0004583365848057,0.0,0.0,95.0,EURO,Hungary,34801.0,35397.0,38247.0,39282.0,0.1287606677969024,0.1097550639884736,34017,34163,36216,36384,0.06958285563100802,0.06501185493077306,1.3746754238582557,False,False,False,9.395973154362416,10.06711409395973,False,Not screen-positive in either version,1.4841688654353562,False,False,10.06711409395973,10.738255033557047,Not screen-positive in either version,1.5874415733309815,False,False,False,False,False,False,False,False,False,0,True,False
2311.0,3875.0,4467.0,5380.0,6186.0,1358.0,1618.0,2098.0,2512.0,0.5963870967741935,0.6067961165048543,No,1.0,352,ISL,0.0,Iceland,ISL,2018.0,1,Northern Europe,Iceland,Very High HDI,0,0,High income,0.0,0,2.0,0.3233107015842224,1.2135922330097086,5.083845318922326,393403.0,414357.0,429461.0,433005.0,0.0,6.067961165048544,1.0,1.0,598.0,305.0,1050.0,1206.0,1434.0,1648.0,361.0,428.0,557.0,666.0,0.5695238095238095,0.8448753462603878,824.0,0.0001157943716577,0.0,0.0,79.0,EURO,Iceland,891.0,973.0,1287.0,1457.0,0.6352413019079686,0.49743062692702983,1050,1077,1434,1648,0.5695238095238095,0.5301764159702879,1.3726835964310227,False,False,False,43.624161073825505,41.61073825503356,False,Not screen-positive in either version,1.2135922330097086,False,False,40.26845637583892,42.281879194630875,Not screen-positive in either version,1.9047619047619047,False,False,False,False,False,False,False,False,False,0,False,False
2517151.0,3111483.0,3652962.0,4630463.0,5628634.0,1800765.0,2137223.0,2759051.0,3416863.0,0.8089875470957096,0.1654898499558693,No,279.0,356,IND,0.0,India,IND,2026.0,1,Southern Asia,India,Medium HDI,0,0,Lower middle income,5.0,1,791.0,0.1405314326708754,0.4691844850003321,0.5451654025318243,1450935801.0,1525138853.0,1622580048.0,1679589270.0,1.0,2.752232630090444,486.0,464.0,765092.0,449548.0,920812.0,1086014.0,1383845.0,1685904.0,501083.0,595548.0,769094.0,950631.0,0.8308883898124698,0.8971527671064474,2131.3577749683946,0.1481494103684759,0.0,0.0,36.0,SEARO,India,822238.0,893413.0,1300026.0,1576351.0,0.9171468601548457,0.7644146660055317,920812,947389,1383845,1685904,0.8308883898124698,0.7795266780593821,0.5017917963702246,False,True,False,56.375838926174495,58.38926174496645,False,Not screen-positive in either version,0.46918448500033216,False,False,56.375838926174495,58.38926174496645,Not screen-positive in either version,0.8590244262672511,False,False,False,False,False,False,False,False,False,0,True,False
640005.0,940932.0,1094531.0,1355062.0,1580937.0,565207.0,666143.0,838954.0,990035.0,0.6801819897718432,0.0356594381023473,No,15.0,360,IDN,0.0,Indonesia,IDN,2026.0,1,South-Eastern Asia,Indonesia,High HDI,0,0,Lower middle income,0.0,1,87.0,0.0550306558705375,0.2068247409936146,0.3068913630219732,283487939.0,295876658.0,311797404.0,320712958.0,0.0,1.3075127304194023,56.0,55.0,168429.0,108158.0,252217.0,293127.0,361697.0,420646.0,145585.0,171607.0,215623.0,253743.0,0.6677940027833176,0.7429199436755161,4835.0114942528735,0.0326139301403648,0.0,0.0,27.0,SEARO,Indonesia,209321.0,222220.0,301099.0,344756.0,0.6470206047171569,0.5514175141751417,252217,258879,361697,420646,0.6677940027833176,0.6248749415750215,0.2523523883558227,False,True,False,44.29530201342282,48.322147651006716,False,Not screen-positive in either version,0.2068247409936146,False,False,42.95302013422819,47.651006711409394,Not screen-positive in either version,0.3449410626563634,False,False,False,False,False,False,False,False,False,0,True,False
344317.0,308692.0,379756.0,512976.0,653009.0,194600.0,244563.0,343119.0,447953.0,1.1154062949477148,0.1088072683255241,No,16.0,364,IRN,0.0,"Iran, Islamic Republic of",IRN,2023.0,1,Southern Asia,"Iran, Islamic Republic of",High HDI,0,0,Lower middle income,2.0,0,122.0,0.186827440356871,0.8296554209821216,1.3323468724456753,91567746.0,95486677.0,99524287.0,101862001.0,0.0,5.50836795897966,84.0,81.0,77433.0,54860.0,69616.0,85930.0,115970.0,147049.0,43257.0,54271.0,75659.0,98117.0,1.1122874051942082,1.2682340430450565,1205.3196721311476,0.0149938220410907,0.0,0.0,53.0,EMRO,"Iran, Islamic Republic of",59233.0,68682.0,108060.0,135670.0,1.290446203974136,0.9753356046708017,69616,72265,115970,147049,1.1122874051942082,1.034857814986508,0.8992408048942286,False,False,False,73.15436241610739,71.81208053691275,False,Not screen-positive in either version,0.8296554209821216,False,False,69.12751677852349,71.81208053691275,Not screen-positive in either version,1.752470696391634,False,False,False,False,False,False,False,False,False,0,True,False
97237.0,67936.0,85069.0,121246.0,165173.0,39785.0,50572.0,73781.0,102671.0,1.4313029910504005,0.1163548357069719,No,5.0,368,IRQ,0.0,Iraq,IRQ,2025.0,1,Western Asia,Iraq,Medium HDI,0,1,Upper middle income,0.0,0,57.0,0.3450927209652909,1.3264451270594806,1.2379994953305915,46042022.0,51937217.0,62223224.0,71928761.0,0.0,7.213999813832263,31.0,31.0,25975.0,16127.0,16997.0,21490.0,31116.0,42972.0,9890.0,12633.0,18573.0,26017.0,1.5282108607401306,1.6306370070778564,753.8947368421053,0.0050296969963365,0.0,0.0,87.0,EMRO,Iraq,18229.0,21438.0,37657.0,52043.0,1.8549563881726918,1.427605187051031,16997,17683,31116,42972,1.5282108607401306,1.4301306339422044,1.0952481601752397,True,False,False,93.28859060402685,93.95973154362416,False,Not screen-positive in either version,1.3264451270594806,False,False,88.59060402684564,93.95973154362416,Not screen-positive in either version,3.3535329764076014,False,False,False,False,False,False,False,False,False,0,True,False
33305.0,56924.0,65542.0,79405.0,90229.0,21721.0,25971.0,33603.0,40872.0,0.5850783500808096,0.6056935190793459,No,13.0,372,IRL,0.0,Ireland,IRL,2026.0,1,Northern Europe,Ireland,Very High HDI,0,0,High income,4.0,0,40.0,0.4433164503651819,1.8636723663979875,7.611757729930269,5255028.0,5525103.0,5817578.0,5970050.0,0.0,6.0569351907934585,13.0,13.0,7135.0,4336.0,14328.0,16356.0,19446.0,21463.0,5076.0,6055.0,7793.0,9412.0,0.4979759910664433,0.8542159180457053,536.575,0.0013815933808993,0.0,0.0,110.0,EURO,Ireland,14622.0,15714.0,21085.0,23648.0,0.6172890165504035,0.5049000890925289,14328,14667,19446,21463,0.4979759910664433,0.4633531056112361,1.6914749661705006,False,False,False,42.281879194630875,38.25503355704698,False,Not screen-positive in either version,1.8636723663979873,False,False,41.61073825503356,38.25503355704698,Not screen-positive in either version,2.7917364600781687,False,False,False,False,False,False,False,False,False,0,True,False
38922.0,60760.0,69009.0,83734.0,99682.0,25199.0,29599.0,38110.0,46472.0,0.6405859117840684,0.5779630929282087,No,14.0,376,ISR,0.0,Israel,ISR,2026.0,1,Western Asia,Israel,Very High HDI,0,0,High income,2.0,0,39.0,0.3912441564174073,1.6100400445857244,4.154670499474488,9387026.0,10175963.0,11581484.0,13092729.0,0.0,5.366800148619081,13.0,13.0,9260.0,4179.0,14963.0,16923.0,20390.0,24223.0,5199.0,6060.0,7716.0,9378.0,0.6188598543072913,0.8038084246970572,621.1025641025641,0.0017930700360376,0.0,0.0,100.0,EURO,Israel,14638.0,15314.0,21216.0,25442.0,0.7380789725372319,0.6613556223063863,14963,15290,20390,24223,0.6188598543072913,0.5842380640941792,1.532898357047402,False,False,False,47.651006711409394,44.29530201342282,False,Not screen-positive in either version,1.6100400445857244,False,False,48.322147651006716,44.966442953020135,Not screen-positive in either version,2.6064291920069507,False,False,False,False,False,False,False,False,False,0,True,False
120878.0,830692.0,880028.0,943207.0,951570.0,363199.0,394320.0,449403.0,491199.0,0.1455148237854704,0.2631158960821612,No,61.0,380,ITA,0.0,Italy,ITA,2026.0,1,Southern Europe,Italy,Very High HDI,0,0,High income,12.0,0,567.0,0.5958573725527286,2.4456838209604164,9.55464292706941,59342877.0,57946081.0,55221179.0,51891108.0,3.0,8.84241945849886,214.0,205.0,23380.0,27180.0,208457.0,221117.0,234889.0,231837.0,80497.0,87454.0,99280.0,107677.0,0.1121574233534973,0.3376523348696225,408.8835978835979,0.0045272113868854,0.0,0.0,136.0,EURO,Italy,207364.0,211189.0,242207.0,243519.0,0.17435524006095562,0.1530856247247726,208457,210678,234889,231837,0.11215742335349736,0.10043288810412099,2.3283604154090645,False,False,False,14.76510067114094,14.093959731543624,False,Not screen-positive in either version,2.4456838209604164,False,False,16.10738255033557,14.093959731543624,Not screen-positive in either version,2.7199854166566726,False,False,False,False,False,False,False,False,False,0,True,False
55226.0,40587.0,50191.0,70773.0,95813.0,25368.0,31668.0,45299.0,61585.0,1.360681991770764,0.0,No,0.0,384,CIV,0.0,Côte d'Ivoire,CIV,2026.0,1,Western Africa,CÃ´te d'Ivoire,Low HDI,1,1,Lower middle income,0.0,1,4.0,0.0417479882688152,0.1399874011338979,0.1252574000427942,31934241.0,36699023.0,45743932.0,55746991.0,0.0,0.6999370056694898,2.0,2.0,16862.0,9944.0,11712.0,14610.0,20896.0,28574.0,6609.0,8321.0,12061.0,16553.0,1.4397199453551912,1.5046149190497806,7143.5,0.0032650914630309,0.0,0.0,22.0,AFRO,Cote d'Ivoire,11811.0,12284.0,21646.0,30191.0,1.5561764456862246,1.457749918593292,11712,12155,20896,28574,1.4397199453551912,1.3508021390374332,0.13248981484548375,True,True,True,81.87919463087249,89.93288590604027,True,Retained,0.13998740113389796,True,True,90.60402684563759,89.26174496644296,Retained,0.34153005464480873,True,True,True,True,True,True,True,True,True,7,True,True
9800.0,15035.0,17281.0,21277.0,24835.0,8806.0,10267.0,13223.0,16217.0,0.6518124376454939,0.2835270768358378,No,2.0,388,JAM,0.0,Jamaica,JAM,2025.0,1,Caribbean,Jamaica,High HDI,0,0,Upper middle income,0.0,0,5.0,0.201328769881216,0.7088176920895946,1.761067516863102,2839187.0,2808961.0,2676110.0,2454948.0,0.0,5.670541536716756,4.0,4.0,2701.0,2163.0,4353.0,5004.0,6099.0,7054.0,2502.0,2918.0,3772.0,4665.0,0.620491614978176,0.8645083932853717,1410.8,0.0005230110331898,0.0,0.0,46.0,PAHO,Jamaica,4750.0,4348.0,5918.0,6811.0,0.4338947368421053,0.5664673413063478,4353,4460,6099,7054,0.620491614978176,0.5816143497757847,0.7341065922771987,False,False,False,30.87248322147651,44.966442953020135,False,Not screen-positive in either version,0.7088176920895946,False,False,43.624161073825505,44.29530201342282,Not screen-positive in either version,1.1486331265793706,False,False,False,False,False,False,False,False,False,0,True,False
35199.0,2121521.0,2175592.0,2188773.0,2156720.0,908752.0,975839.0,1017429.0,1030498.0,0.0165913983410958,0.3227930362212265,No,151.0,392,JPN,0.0,Japan,JPN,2026.0,1,Eastern Asia,Japan,Very High HDI,0,0,High income,0.0,0,986.0,0.4571757112652546,2.10777439545781,7.967480139924466,123753054.0,119584130.0,112158313.0,105123177.0,20.0,15.134931764544929,880.0,708.0,300.0,22308.0,467492.0,475534.0,476125.0,467792.0,168864.0,180870.0,188643.0,191172.0,0.0006417222112891,0.1321063104036384,474.4340770791075,5.80908219018664e-05,0.0,0.0,126.0,WPRO,Japan,446654.0,459736.0,465372.0,459821.0,0.029479194186103785,0.00018488871874293073,467492,469364,476125,467792,0.0006417222112891772,-0.003349212977561125,2.144312678194341,False,False,False,6.7114093959731544,5.369127516778524,False,Not screen-positive in either version,2.10777439545781,False,False,4.026845637583892,5.369127516778524,Not screen-positive in either version,2.1091270011037624,False,False,False,False,False,False,False,False,False,0,True,False
41503.0,59100.0,69534.0,85765.0,100603.0,32607.0,38702.0,47964.0,56332.0,0.7022504230118444,0.8167932696234583,No,20.0,398,KAZ,0.0,Kazakhstan,KAZ,2026.0,1,Central Asia,Kazakhstan,Very High HDI,0,0,Upper middle income,17.0,0,51.0,0.5069431329085614,2.0828228375398186,2.4766203397835698,20592579.0,22003202.0,24246833.0,26544271.0,0.0,10.618312505104958,26.0,26.0,10041.0,5396.0,14445.0,16981.0,20868.0,24486.0,7510.0,8905.0,10988.0,12906.0,0.6951194184839045,0.718508655126498,480.11764705882354,0.0019442998090554,0.0,0.0,122.0,EURO,Kazakhstan,17368.0,18135.0,23299.0,26475.0,0.5243551358820819,0.4598842018196857,14445,14868,20868,24486,0.6951194184839045,0.6468926553672316,1.9263456090651558,False,False,False,34.22818791946309,50.33557046979866,False,Not screen-positive in either version,2.0828228375398186,False,False,38.25503355704698,49.664429530201346,Not screen-positive in either version,3.530633437175493,False,False,False,False,False,False,False,False,False,0,True,False
38436.0,19803.0,25623.0,39759.0,58239.0,9503.0,12585.0,20009.0,29642.0,1.9409180427208,0.0676635766966641,No,1.0,400,JOR,0.0,Jordan,JOR,2025.0,1,Western Asia,Jordan,High HDI,0,1,Upper middle income,0.0,0,23.0,0.3949243633990968,1.5562622640232762,1.990844883407468,11552884.0,12448785.0,14471307.0,16367363.0,0.0,3.383178834833209,6.0,5.0,9961.0,4418.0,4818.0,6305.0,9935.0,14779.0,2052.0,2728.0,4354.0,6470.0,2.067455375674554,2.1530214424951266,642.5652173913044,0.0019288089232149,0.0,0.0,99.0,EMRO,Jordan,6122.0,7151.0,12128.0,16191.0,1.6447239464227377,1.264158858900853,4818,4988,9935,14779,2.067455375674554,1.9629109863672816,1.420542276573405,True,False,False,85.90604026845638,100.0,False,Not screen-positive in either version,1.5562622640232762,False,False,80.53691275167785,100.0,Not screen-positive in either version,4.77376504773765,False,False,False,False,False,False,False,False,False,0,True,False
96554.0,71295.0,87660.0,123238.0,167849.0,45657.0,56500.0,80481.0,111130.0,1.354288519531524,0.1156782601989666,No,6.0,404,KEN,0.0,Kenya,KEN,2026.0,1,Eastern Africa,Kenya,Medium HDI,1,1,Lower middle income,0.0,1,18.0,0.1072392447974072,0.3470347805968998,0.3189625692817711,56432954.0,63102257.0,74108872.0,83593248.0,0.0,1.9279710033161104,10.0,10.0,30493.0,20027.0,21375.0,26497.0,37728.0,51868.0,13593.0,16904.0,24236.0,33620.0,1.4265730994152046,1.4733318619877878,2881.555555555556,0.0059045447741787,0.0,0.0,31.0,AFRO,Kenya,25319.0,28073.0,48837.0,68111.0,1.6901141435285754,1.426210237594842,21375,22142,37728,51868,1.4265730994152046,1.3425164845090778,0.2642744931068403,True,True,True,87.91946308724832,88.59060402684564,True,Retained,0.34703478059689985,True,True,87.91946308724832,88.59060402684564,Retained,0.8421052631578947,True,False,True,False,True,True,True,True,True,6,True,True
46683.0,140673.0,156481.0,179523.0,187356.0,102137.0,114969.0,133119.0,140287.0,0.331854726919878,0.0,No,0.0,408,PRK,0.0,Dem. P.R. of Korea,PRK,2016.0,1,Eastern Asia,"Korea, Democratic People's Republic of",,0,0,Low income,0.0,1,2.0,0.0106748649629582,0.0453329706695679,0.0754750275587628,26498831.0,26784911.0,26542441.0,25787136.0,0.0,0.4533297066956798,3.0,2.0,11216.0,8969.0,32902.0,36652.0,42186.0,44118.0,24193.0,27211.0,31454.0,33162.0,0.3408911312382226,0.3707270698135824,22059.0,0.0021718221948377,0.0,0.0,6.0,SEARO,Democratic People's Republic of Korea,29997.0,34919.0,44395.0,47270.0,0.5758242490915758,0.3537042870643489,32902,33515,42186,44118,0.3408911312382226,0.31636580635536327,0.04231013327691982,False,True,False,38.92617449664429,28.859060402684566,False,Not screen-positive in either version,0.04533297066956798,False,False,31.543624161073826,29.53020134228188,Not screen-positive in either version,0.06078657832350617,False,False,False,False,False,False,False,False,False,0,False,False
208561.0,496457.0,570476.0,668804.0,705018.0,202347.0,252186.0,342467.0,412441.0,0.4200988202402222,0.2599866493342234,No,37.0,410,KOR,0.0,"Korea, Republic of",KOR,2023.0,1,Eastern Asia,"Korea, Republic of",Very High HDI,0,0,High income,0.0,0,190.0,0.2694966653333673,1.335066577662228,3.67379784343426,51717598.0,51188592.0,48948697.0,45143141.0,2.0,4.567333028844465,68.0,65.0,43994.0,40813.0,98321.0,114370.0,135439.0,142315.0,36873.0,46542.0,64122.0,77686.0,0.4474527313595264,1.106853253057793,749.0263157894736,0.0085188253958357,0.0,0.0,88.0,WPRO,"Korea, Republic of",94401.0,103624.0,137424.0,144688.0,0.5326956282242773,0.3962788543194627,98321,101084,135439,142315,0.44745273135952646,0.4078884887816074,1.3131704080504258,False,False,False,35.57046979865772,34.899328859060404,False,Not screen-positive in either version,1.3350665776622281,False,False,33.557046979865774,34.899328859060404,Not screen-positive in either version,1.9324457643840074,False,False,False,False,False,False,False,False,False,0,True,False
6484.0,8526.0,9840.0,12296.0,15010.0,3794.0,4427.0,5676.0,7075.0,0.7604973023692235,0.2707825616030327,No,1.0,414,KWT,0.0,Kuwait,KWT,2021.0,1,Western Asia,Kuwait,Very High HDI,0,0,High income,0.0,0,5.0,0.3331112591605596,1.353912808015164,1.0132710131129428,4934514.0,5324208.0,5831219.0,6367762.0,0.0,5.415651232060656,2.0,2.0,1641.0,686.0,2052.0,2388.0,3015.0,3693.0,802.0,938.0,1200.0,1488.0,0.7997076023391813,0.8553615960099751,738.6,0.0003177567958032,0.0,0.0,89.0,EMRO,Kuwait,1990.0,2760.0,6462.0,8992.0,3.5185929648241205,2.2579710144927536,2052,2114,3015,3693,0.7997076023391813,0.7469252601702933,0.556049822064057,True,False,False,100.0,57.04697986577181,False,Not screen-positive in either version,1.353912808015164,False,False,99.32885906040269,57.04697986577181,Not screen-positive in either version,2.4366471734892787,False,False,False,False,False,False,False,False,False,0,False,False
16109.0,17562.0,21278.0,27412.0,33671.0,10231.0,12581.0,16378.0,20301.0,0.9172645484568956,0.1262148176195885,No,1.0,417,KGZ,0.0,Kyrgyzstan,KGZ,2025.0,1,Central Asia,Kyrgyzstan,High HDI,0,0,Lower middle income,0.0,1,1.0,0.0296991476344628,0.1262148176195885,0.1391591088195007,7186019.0,7803628.0,8757705.0,9642964.0,0.0,1.2621481761958857,1.0,1.0,3800.0,2083.0,4123.0,5004.0,6446.0,7923.0,2150.0,2632.0,3408.0,4233.0,0.9216589861751152,0.9688372093023256,7923.0,0.0007358170774236,0.0,0.0,19.0,EURO,Kyrgyzstan,3311.0,3326.0,5064.0,6405.0,0.9344608879492601,0.9257366205652435,4123,4268,6446,7923,0.9216589861751152,0.8563730084348641,0.156128024980484,False,True,False,58.38926174496645,61.07382550335571,False,Not screen-positive in either version,0.12621481761958853,False,False,66.44295302013423,60.40268456375839,Not screen-positive in either version,0.2425418384671356,False,False,False,False,False,False,False,False,False,0,True,False
16552.0,16695.0,19946.0,26205.0,33247.0,11418.0,13790.0,18548.0,24085.0,0.991434561245882,0.0,No,0.0,418,LAO,0.0,Lao People's Democratic Republic,LAO,2022.0,1,South-Eastern Asia,Lao People's Democratic Republic,Medium HDI,0,0,Lower middle income,0.0,1,1.0,0.0300779017655728,0.1641766540797898,0.1287029777235738,7769828.0,8357033.0,9169011.0,9757295.0,0.0,1.6417665407978983,1.0,1.0,2977.0,2031.0,3114.0,3722.0,4860.0,6091.0,1912.0,2302.0,3070.0,3943.0,0.9560051380860628,1.0622384937238494,6091.0,0.0005764545893395,0.0,0.0,24.0,WPRO,Lao People's Democratic Republic,3746.0,4148.0,6413.0,8152.0,1.176187933796049,0.9652844744455159,3114,3211,4860,6091,0.9560051380860629,0.8969168483338524,0.12266928361138371,False,True,False,69.79865771812081,63.08724832214765,False,Not screen-positive in either version,0.16417665407978985,False,False,68.45637583892618,63.08724832214765,Not screen-positive in either version,0.32113037893384716,False,False,False,False,False,False,False,False,False,0,False,False
21984.0,35000.0,40430.0,49301.0,56984.0,17312.0,20117.0,24579.0,28464.0,0.6281142857142857,0.1272264631043257,No,2.0,422,LBN,0.0,Lebanon,LBN,2026.0,1,Western Asia,Lebanon,High HDI,0,0,Upper middle income,0.0,0,16.0,0.2807805699845571,1.0178117048346056,2.755782708600264,5805973.0,6103817.0,6620340.0,6999268.0,0.0,7.633587786259542,12.0,12.0,6083.0,2645.0,9637.0,11160.0,13613.0,15720.0,4190.0,4870.0,5929.0,6835.0,0.6312130331015876,0.6312649164677804,982.5,0.0011778882320968,0.0,0.0,68.0,EMRO,Lebanon,6590.0,6089.0,7631.0,8222.0,0.24764795144157814,0.3503038265725078,9637,9882,13613,15720,0.6312130331015876,0.5907710989678203,1.9459985405010947,False,False,False,20.13422818791946,45.63758389261745,False,Not screen-positive in either version,1.0178117048346056,False,False,30.87248322147651,45.63758389261745,Not screen-positive in either version,1.6602677181695549,False,False,False,False,False,False,False,False,False,0,True,False
3784.0,4155.0,4738.0,6088.0,7939.0,2646.0,3008.0,3955.0,5259.0,0.9107099879663056,,,,426,LSO,,,,,0,,Lesotho,Low HDI,0,0,Lower middle income,,0,,,,,2337432.0,2493827.0,2757883.0,2993086.0,,,,,1193.0,812.0,1264.0,1442.0,1865.0,2457.0,829.0,943.0,1233.0,1641.0,0.9438291139240508,0.9794933655006032,,0.0002310078350964,,,,AFRO,Lesotho,1257.0,1258.0,1703.0,2067.0,0.6443914081145584,0.6430842607313195,1264,1289,1865,2457,0.9438291139240507,0.9061287820015516,,False,False,False,,,False,Not comparable,,False,False,,,Not comparable,,False,False,False,False,False,False,False,False,False,0,False,False
231.0,22169.0,22429.0,22728.0,22400.0,11548.0,11913.0,12590.0,12856.0,0.0104199557941269,0.1680389850445303,No,1.0,428,LVA,0.0,Latvia,LVA,2023.0,1,Northern Europe,Latvia,Very High HDI,0,0,High income,2.0,0,15.0,0.6696428571428571,2.520584775667955,8.0133213454046,1871883.0,1777628.0,1640656.0,1513821.0,0.0,10.08233910267182,6.0,6.0,58.0,345.0,5893.0,5969.0,6039.0,5951.0,2810.0,2904.0,3079.0,3155.0,0.0098421856439843,0.1227758007117437,396.73333333333335,1.1230892234360838e-05,0.0,0.0,140.0,EURO,Latvia,5830.0,5970.0,5869.0,5650.0,-0.030874785591766724,-0.05360134003350084,5893,5901,6039,5951,0.009842185643984388,0.00847314014573801,2.6548672566371683,False,False,False,4.026845637583892,6.0402684563758395,False,Not screen-positive in either version,2.520584775667955,False,False,2.013422818791946,6.7114093959731544,Not screen-positive in either version,2.54539283896148,False,False,False,False,False,False,False,False,False,0,True,False
9299.0,8376.0,9953.0,13366.0,17675.0,5478.0,6530.0,8810.0,11745.0,1.1101957975167145,,,,430,LBR,,,,,0,,Liberia,Low HDI,0,0,Low income,,0,,,,,5612827.0,6366301.0,7681697.0,8910538.0,,,,,2601.0,1541.0,2239.0,2670.0,3621.0,4840.0,1302.0,1556.0,2115.0,2843.0,1.1616793211255023,1.183563748079877,,0.0005036474258891,,,,AFRO,Liberia,2131.0,2268.0,3596.0,4856.0,1.278742374472079,1.1410934744268078,2239,2301,3621,4840,1.1616793211255025,1.1034332898739678,,False,False,False,,,False,Not comparable,,False,False,,,Not comparable,,False,False,False,False,False,False,False,False,False,0,False,False
21546.0,16070.0,20036.0,28458.0,37616.0,9419.0,12025.0,17586.0,23534.0,1.3407591785936528,0.0,No,0.0,434,LBY,0.0,Libya,LBY,2023.0,1,Northern Africa,Libya,High HDI,0,1,Upper middle income,0.0,0,11.0,0.2924287537218205,1.162299239222316,1.4903067064750168,7381031.0,7885817.0,8651426.0,9260615.0,0.0,5.283178360101437,5.0,5.0,5489.0,3408.0,3975.0,4995.0,7161.0,9464.0,2320.0,2970.0,4336.0,5728.0,1.380880503144654,1.4689655172413794,860.3636363636364,0.0010628684047311,0.0,0.0,76.0,EMRO,Libya,4032.0,4344.0,7246.0,9589.0,1.3782242063492063,1.207412523020258,3975,4111,7161,9464,1.380880503144654,1.302116273412795,1.1471477734904578,True,False,False,75.83892617449665,83.89261744966443,False,Not screen-positive in either version,1.1622992392223161,False,False,77.18120805369128,83.22147651006712,Not screen-positive in either version,2.7672955974842766,False,False,False,False,False,False,False,False,False,0,True,False
2218.0,32439.0,33140.0,34386.0,34657.0,16008.0,16620.0,17975.0,18634.0,0.0683744874996146,0.8427262193194985,No,8.0,440,LTU,0.0,Lithuania,LTU,2024.0,1,Northern Europe,Lithuania,Very High HDI,0,0,High income,4.0,0,16.0,0.4616671956603284,1.685452438638997,5.596135308955636,2859116.0,2706365.0,2484842.0,2258783.0,0.0,5.267038870746866,5.0,5.0,474.0,608.0,9019.0,9201.0,9461.0,9493.0,3775.0,3928.0,4232.0,4383.0,0.0525557157112761,0.1610596026490066,593.3125,9.178349860494893e-05,0.0,0.0,105.0,EURO,Lithuania,9181.0,9449.0,9501.0,9074.0,-0.011654503866681189,-0.03968673933749603,9019,9045,9461,9493,0.052555715711276194,0.04953012714206744,1.763279700242451,False,False,False,4.697986577181208,8.724832214765101,False,Not screen-positive in either version,1.685452438638997,False,False,3.3557046979865772,8.724832214765101,Not screen-positive in either version,1.7740325978489855,False,False,False,False,False,False,False,False,False,0,True,False
4100.0,5508.0,6419.0,8106.0,9608.0,2192.0,2600.0,3496.0,4469.0,0.7443718228031954,0.7581501137225171,No,2.0,442,LUX,0.0,Luxembourg,LUX,2017.0,1,Western Europe,Luxembourg,Very High HDI,0,0,High income,0.0,0,4.0,0.4163197335553705,1.516300227445034,5.943130187238316,673046.0,713675.0,762681.0,791473.0,0.0,3.790750568612585,1.0,1.0,1100.0,544.0,1538.0,1802.0,2252.0,2638.0,538.0,637.0,852.0,1082.0,0.7152145643693107,1.0111524163568772,659.5,0.0002129996803068,0.0,0.0,98.0,EURO,Luxembourg,1682.0,1847.0,2665.0,3219.0,0.9137931034482759,0.7428262046561992,1538,1581,2252,2638,0.7152145643693107,0.6685641998734978,1.2426219322771046,False,False,False,55.70469798657718,51.006711409395976,False,Not screen-positive in either version,1.5163002274450341,False,False,53.691275167785236,51.006711409395976,Not screen-positive in either version,2.600780234070221,False,False,False,False,False,False,False,False,False,0,False,False
50818.0,42251.0,51606.0,70251.0,93069.0,25947.0,31886.0,43870.0,59016.0,1.202764431611086,0.0391312854627274,No,1.0,450,MDG,0.0,Madagascar,MDG,2022.0,1,Eastern Africa,Madagascar,Low HDI,1,1,Low income,0.0,1,3.0,0.0322341488572994,0.1173938563881823,0.0938527629095883,31964962.0,36693190.0,44846907.0,53185484.0,0.0,0.782625709254549,2.0,2.0,14497.0,9490.0,11058.0,13657.0,18923.0,25555.0,7002.0,8676.0,12093.0,16492.0,1.3109965635738832,1.355327049414453,8518.333333333334,0.0028071421503711,0.0,0.0,16.0,AFRO,Madagascar,12218.0,14131.0,24317.0,33421.0,1.735390407595351,1.3650838581841342,11058,11462,18923,25555,1.3109965635738832,1.2295410923050079,0.0897639208880644,True,True,True,90.60402684563759,79.19463087248322,True,Retained,0.11739385638818235,True,True,83.22147651006712,79.19463087248322,Retained,0.27129679869777534,True,False,True,False,True,True,True,True,True,6,False,False
69331.0,46082.0,58053.0,83672.0,115413.0,27279.0,34568.0,50914.0,71860.0,1.5045136929820755,0.0,No,0.0,454,MWI,0.0,Malawi,MWI,2026.0,1,Eastern Africa,Malawi,Low HDI,1,1,Low income,0.0,1,2.0,0.0173290703820193,0.0582767563157434,0.0923561608208911,21655296.0,25160297.0,31302107.0,37361691.0,0.0,0.5827675631574346,2.0,2.0,21455.0,13773.0,12864.0,16441.0,24310.0,34319.0,7752.0,9935.0,14961.0,21525.0,1.667832711442786,1.776702786377709,17159.5,0.0041544619463484,0.0,0.0,8.0,AFRO,Malawi,10404.0,11352.0,20337.0,28790.0,1.7672049211841598,1.5361169837914024,12864,13396,24310,34319,1.667832711442786,1.5618841445207525,0.06946856547412296,True,True,True,91.2751677852349,96.64429530201343,True,Retained,0.058276756315743465,True,True,92.61744966442953,96.64429530201343,Retained,0.15547263681592038,True,True,True,True,True,True,True,True,True,7,True,True
118551.0,108581.0,132525.0,177435.0,227132.0,65543.0,80848.0,110621.0,144289.0,1.09182085263536,0.1927829089188384,No,11.0,458,MYS,0.0,Malaysia,MYS,2026.0,1,South-Eastern Asia,Malaysia,Very High HDI,0,0,Upper middle income,0.0,0,71.0,0.3125935579310709,1.2443260484761387,1.9967555253811111,35557683.0,37961728.0,41509652.0,44289782.0,0.0,5.432972887712719,32.0,31.0,29139.0,18549.0,27920.0,33978.0,45036.0,57059.0,16168.0,19855.0,26865.0,34717.0,1.043660458452722,1.1472662048490847,803.6478873239437,0.0056423615313282,0.0,0.0,81.0,WPRO,Malaysia,25802.0,28914.0,43910.0,54421.0,1.1091775831330906,0.8821678079822923,27920,28892,45036,57059,1.043660458452722,0.9749065485255434,1.3046434280884218,False,False,False,66.44295302013423,67.78523489932886,False,Not screen-positive in either version,1.2443260484761387,False,False,64.42953020134227,67.11409395973155,Not screen-positive in either version,2.54297994269341,False,False,False,False,False,False,False,False,False,0,True,False
2085.0,1049.0,1382.0,2157.0,3134.0,684.0,932.0,1594.0,2428.0,1.9876072449952336,,,,462,MDV,,,,,0,,Maldives,High HDI,0,1,Upper middle income,,0,,,,,527809.0,539677.0,564808.0,589975.0,,,,,604.0,451.0,266.0,362.0,585.0,870.0,169.0,235.0,408.0,620.0,2.2706766917293235,2.668639053254438,,0.0001169561880957,,,,SEARO,Maldives,273.0,334.0,580.0,789.0,1.89010989010989,1.3622754491017963,266,281,585,870,2.2706766917293235,2.096085409252669,,False,False,False,,,False,Not comparable,,False,False,,,Not comparable,,False,False,False,False,False,False,False,False,False,0,False,False
40875.0,27628.0,33975.0,48472.0,68503.0,17986.0,22198.0,31937.0,45394.0,1.479477341827132,0.0,No,0.0,466,MLI,0.0,Mali,MLI,2026.0,1,Western Africa,Mali,Low HDI,1,1,Low income,0.0,1,2.0,0.0291958016437236,0.1094750670534785,0.0817040023318322,24478605.0,29002877.0,37413651.0,46154087.0,0.0,0.5473753352673929,1.0,1.0,11088.0,6672.0,7181.0,8864.0,12759.0,18269.0,4248.0,5249.0,7592.0,10920.0,1.5440746414148447,1.5706214689265536,9134.5,0.0021470367774929,0.0,0.0,14.0,AFRO,Mali,7499.0,8309.0,14530.0,21134.0,1.8182424323243098,1.5435070405584306,7181,7432,12759,18269,1.5440746414148447,1.4581539289558665,0.09463423866754991,True,True,True,91.94630872483222,94.63087248322147,True,Retained,0.10947506705347856,True,True,93.28859060402685,94.63087248322147,Retained,0.27851274195794457,True,True,True,True,True,True,True,True,True,7,True,True
3437.0,6269.0,7406.0,8730.0,9706.0,2130.0,2517.0,3024.0,3473.0,0.5482533099377891,0.0,No,0.0,470,MLT,0.0,Malta,MLT,2024.0,1,Southern Europe,Malta,Very High HDI,0,0,High income,1.0,0,3.0,0.3090871625798475,1.4955134596211366,5.559498681472229,539617.0,555242.0,551742.0,535730.0,0.0,4.985044865403789,1.0,1.0,628.0,305.0,1378.0,1553.0,1782.0,2006.0,477.0,566.0,682.0,782.0,0.455732946298984,0.639412997903564,668.6666666666666,0.0001216034538479,0.0,0.0,96.0,EURO,Malta,1259.0,1427.0,1757.0,2005.0,0.5925337569499602,0.4050455501051156,1378,1412,1782,2006,0.45573294629898403,0.4206798866855524,1.4962593516209477,False,False,False,40.939597315436245,35.57046979865772,False,Not screen-positive in either version,1.4955134596211366,False,False,34.899328859060404,35.57046979865772,Not screen-positive in either version,2.1770682148040637,False,False,False,False,False,False,False,False,False,0,True,False
-444.0,4214.0,4425.0,4318.0,3770.0,1930.0,2141.0,2439.0,2463.0,-0.1053630754627432,0.9891196834817012,No,1.0,474,MTQ,0.0,Martinique,MTQ,2023.0,1,Caribbean,"France, Martinique",,0,0,,0.0,0,3.0,0.7957559681697612,2.967359050445104,8.741156862973625,343204.0,327647.0,305857.0,282079.0,0.0,9.891196834817013,1.0,1.0,-267.0,101.0,1278.0,1321.0,1223.0,1011.0,415.0,455.0,515.0,516.0,-0.2089201877934272,0.2433734939759036,337.0,-5.17008314926611e-05,0.0,0.0,145.0,PAHO,"France, Martinique",1180.0,1202.0,1262.0,1118.0,-0.05254237288135593,-0.06988352745424292,1278,1290,1223,1011,-0.20892018779342722,-0.21627906976744185,2.6833631484794274,False,False,False,2.684563758389262,0.6711409395973155,False,Not screen-positive in either version,2.9673590504451037,False,False,0.6711409395973155,0.6711409395973155,Not screen-positive in either version,2.347417840375587,False,False,False,False,False,False,False,False,False,0,True,False
9656.0,7146.0,8684.0,12089.0,16802.0,4551.0,5536.0,7753.0,10884.0,1.3512454520011197,0.2099076406381192,No,1.0,478,MRT,0.0,Mauritania,MRT,2019.0,1,Western Africa,Mauritania,Low HDI,0,1,Lower middle income,0.0,0,4.0,0.2380668967980002,0.8396305625524769,0.7737832934770456,5169406.0,6062535.0,7681917.0,9415610.0,0.0,2.0990764063811924,1.0,1.0,2761.0,1627.0,2003.0,2441.0,3410.0,4764.0,1158.0,1412.0,1980.0,2785.0,1.3784323514727908,1.4050086355785838,1191.0,0.0005346291975701,0.0,0.0,54.0,AFRO,Mauritania,1690.0,1733.0,2933.0,4097.0,1.4242603550295858,1.3641084824004617,2003,2069,3410,4764,1.3784323514727908,1.3025616239729338,0.9763241396143519,True,False,False,78.52348993288591,82.5503355704698,False,Not screen-positive in either version,0.8396305625524769,False,False,82.5503355704698,83.89261744966443,Not screen-positive in either version,1.9970044932601099,False,False,False,False,False,False,True,False,False,1,False,False
2122.0,5909.0,6633.0,7538.0,8031.0,2934.0,3432.0,4168.0,4654.0,0.3591132171264173,0.4572473708276177,No,1.0,480,MUS,0.0,Mauritius,MUS,2024.0,1,Eastern Africa,Mauritius,High HDI,0,0,Upper middle income,0.0,0,5.0,0.6225874735400324,2.286236854138089,3.933359450840087,1271178.0,1250440.0,1195233.0,1107203.0,0.0,4.572473708276178,1.0,1.0,591.0,439.0,1596.0,1799.0,2048.0,2187.0,738.0,861.0,1052.0,1177.0,0.3703007518796992,0.5948509485094851,437.4,0.0001144389191466,0.0,0.0,132.0,AFRO,Mauritius,1544.0,1642.0,2068.0,2204.0,0.4274611398963731,0.34226552984165654,1596,1630,2048,2187,0.37030075187969924,0.34171779141104297,2.268602540834846,False,False,False,30.201342281879196,31.543624161073826,False,Not screen-positive in either version,2.286236854138089,False,False,29.53020134228188,31.543624161073826,Not screen-positive in either version,3.1328320802005014,False,False,False,False,False,False,False,False,False,0,True,False
301465.0,395798.0,461940.0,579851.0,697263.0,191505.0,230317.0,306134.0,389192.0,0.7616637779877614,0.3919472652770354,No,66.0,484,MEX,0.0,Mexico,MEX,2026.0,1,Central America,Mexico,High HDI,0,0,Upper middle income,2.0,0,216.0,0.3097826788457153,1.282736504543025,1.6506061541612502,130861017.0,136904744.0,144624332.0,148946282.0,0.0,7.066927964843518,123.0,119.0,72355.0,40054.0,96035.0,112478.0,140896.0,168390.0,36885.0,44613.0,59890.0,76939.0,0.7534232311136565,1.085915683882337,779.5833333333334,0.0140105380623651,0.0,0.0,84.0,PAHO,Mexico,93835.0,101295.0,149268.0,180720.0,0.9259338200031971,0.7840959573522879,96035,98710,140896,168390,0.7534232311136565,0.7059061898490527,1.1952191235059761,False,False,False,57.71812080536913,53.691275167785236,False,Not screen-positive in either version,1.282736504543025,False,False,57.04697986577181,53.691275167785236,Not screen-positive in either version,2.2491799864632687,False,False,False,False,False,False,False,False,False,0,True,False
19266.0,14396.0,18045.0,25584.0,33662.0,10021.0,12848.0,18816.0,24995.0,1.33828841344818,0.1875468867216804,No,1.0,496,MNG,0.0,Mongolia,MNG,2025.0,1,Eastern Asia,Mongolia,High HDI,0,1,Lower middle income,1.0,0,6.0,0.17824252866734,1.1252813203300824,1.7263454705010717,3475550.0,3705238.0,4095565.0,4501503.0,0.0,1.8754688672168045,1.0,1.0,3092.0,2188.0,2240.0,2808.0,4011.0,5332.0,1385.0,1775.0,2632.0,3573.0,1.3803571428571428,1.579783393501805,888.6666666666666,0.0005987227377352,0.0,0.0,73.0,WPRO,Mongolia,1822.0,2033.0,3484.0,4585.0,1.5164654226125138,1.2552877520905066,2240,2326,4011,5332,1.3803571428571428,1.292347377472055,1.3086150490730644,True,False,False,80.53691275167785,83.22147651006712,False,Not screen-positive in either version,1.1252813203300824,False,False,79.19463087248322,82.5503355704698,Not screen-positive in either version,2.6785714285714284,False,False,False,False,False,False,True,False,False,1,True,False
-2111.0,22373.0,22282.0,21241.0,20262.0,12236.0,12453.0,12147.0,11773.0,-0.0943548026639252,0.3824823101931535,No,2.0,498,MDA,0.0,Republic of Moldova,MDA,2025.0,1,Eastern Europe,Republic of Moldova,High HDI,0,0,Upper middle income,0.0,0,5.0,0.2467673477445464,0.956205775482884,1.6474621998035566,3034971.0,2845253.0,2568819.0,2351818.0,0.0,1.912411550965768,1.0,1.0,-626.0,-145.0,5855.0,5782.0,5478.0,5229.0,2925.0,2949.0,2875.0,2780.0,-0.1069171648163962,-0.0495726495726495,1045.8,-0.0001212161817018,0.0,0.0,63.0,EURO,Republic of Moldova,6971.0,5435.0,5701.0,6096.0,-0.12552001147611533,0.12161913523459061,5855,5850,5478,5229,-0.10691716481639624,-0.10615384615384615,0.8202099737532809,False,False,False,0.6711409395973155,2.013422818791946,False,Not screen-positive in either version,0.9562057754828839,False,False,11.409395973154362,2.013422818791946,Not screen-positive in either version,0.8539709649871904,False,False,False,False,False,False,False,False,False,0,True,False
571.0,6335.0,6584.0,6877.0,6906.0,3247.0,3460.0,3774.0,3905.0,0.0901341752170481,0.562429696287964,No,1.0,499,MNE,0.0,Montenegro,MNE,2026.0,1,Southern Europe,Montenegro,Very High HDI,0,0,Upper middle income,0.0,0,4.0,0.5792064871126557,2.249718785151856,6.264810403344156,638487.0,612572.0,574443.0,533303.0,0.0,5.62429696287964,1.0,1.0,100.0,170.0,1678.0,1739.0,1791.0,1778.0,894.0,951.0,1032.0,1064.0,0.0595947556615017,0.1901565995525727,444.5,1.936360730062213e-05,0.0,0.0,131.0,EURO,Montenegro,1508.0,1546.0,1742.0,1816.0,0.20424403183023873,0.17464424320827943,1678,1688,1791,1778,0.05959475566150179,0.0533175355450237,2.202643171806167,False,False,False,17.449664429530202,9.395973154362416,False,Not screen-positive in either version,2.249718785151856,False,False,18.120805369127517,9.395973154362416,Not screen-positive in either version,2.3837902264600714,False,False,False,False,False,False,False,False,False,0,True,False
63947.0,95494.0,111014.0,136231.0,159441.0,52844.0,62246.0,77912.0,92502.0,0.6696441661256205,0.51114944731966,No,24.0,504,MAR,0.0,Morocco,MAR,2026.0,1,Northern Africa,Morocco,Medium HDI,0,0,Lower middle income,0.0,0,91.0,0.5707440369791961,1.9381083210870444,2.3896318338875004,38081180.0,39953468.0,42168214.0,43440439.0,0.0,12.7787361829915,61.0,60.0,19151.0,11331.0,27802.0,32468.0,40000.0,46953.0,15480.0,18199.0,22673.0,26811.0,0.6888353355873679,0.7319767441860465,515.967032967033,0.0037083244341421,0.0,0.0,114.0,EMRO,Morocco,37233.0,38578.0,54816.0,65271.0,0.753041656594956,0.6919228575872258,27802,28577,40000,46953,0.6888353355873679,0.643034608251391,1.3941873113633927,False,False,False,48.99328859060403,48.99328859060403,False,Not screen-positive in either version,1.9381083210870444,False,False,50.33557046979866,48.99328859060403,Not screen-positive in either version,3.273145816847709,False,False,False,False,False,False,False,False,False,0,True,False
67573.0,49459.0,60320.0,84859.0,117032.0,29178.0,35532.0,50418.0,70566.0,1.3662427465173177,0.0,No,0.0,508,MOZ,0.0,Mozambique,MOZ,2025.0,1,Eastern Africa,Mozambique,Low HDI,1,1,Low income,0.0,1,1.0,0.0085446715428258,0.0348602105556717,0.0288752156401104,34631776.0,40846761.0,52124224.0,63530958.0,0.0,0.3486021055567175,1.0,1.0,17033.0,10756.0,11653.0,14235.0,20305.0,28686.0,7171.0,8750.0,12564.0,17927.0,1.461683686604308,1.4999302747176126,28686.0,0.0032982032315149,0.0,0.0,5.0,AFRO,Mozambique,12383.0,13430.0,22803.0,32038.0,1.5872567229265928,1.3855547282204022,11653,12043,20305,28686,1.461683686604308,1.381964626754131,0.031212934640114865,True,True,True,82.5503355704698,91.2751677852349,True,Retained,0.034860210555671754,True,True,85.90604026845638,91.94630872483222,Retained,0.08581481163648846,True,True,True,True,True,True,True,True,True,7,True,True
8691.0,8104.0,9902.0,12847.0,16795.0,3432.0,4253.0,5775.0,7803.0,1.0724333662388943,0.2995805871779509,No,1.0,512,OMN,0.0,Oman,OMN,2025.0,1,Western Asia,Oman,Very High HDI,0,1,High income,0.0,0,7.0,0.4167907115212861,2.097064110245656,1.325369754494187,5281545.0,6112717.0,6931980.0,7827012.0,0.0,5.991611743559018,2.0,2.0,1826.0,800.0,1512.0,1863.0,2481.0,3338.0,613.0,761.0,1041.0,1413.0,1.2076719576719577,1.3050570962479608,476.8571428571428,0.0003535794693093,0.0,0.0,125.0,EMRO,Oman,1548.0,1489.0,2785.0,4058.0,1.6214470284237725,1.725319006044325,1512,1586,2481,3338,1.2076719576719577,1.1046658259773015,1.7249876786594383,True,False,False,85.23489932885906,76.51006711409396,False,Not screen-positive in either version,2.097064110245656,False,False,95.30201342281879,74.49664429530202,Not screen-positive in either version,4.62962962962963,False,False,False,False,False,False,False,False,False,0,True,False
10458.0,8162.0,10064.0,13930.0,18620.0,4972.0,6187.0,8725.0,11887.0,1.281303602058319,0.1958096729978461,No,1.0,516,NAM,0.0,Namibia,NAM,2024.0,1,Southern Africa,Namibia,Medium HDI,0,1,Upper middle income,0.0,0,3.0,0.1611170784103115,0.5874290189935383,0.9900529381306018,3030141.0,3389968.0,3962414.0,4512307.0,0.0,3.9161934599569217,2.0,2.0,2974.0,1963.0,2133.0,2660.0,3753.0,5107.0,1350.0,1690.0,2411.0,3313.0,1.3942803563056727,1.454074074074074,1702.3333333333333,0.0005758736811205,0.0,0.0,41.0,AFRO,Namibia,1696.0,1852.0,2840.0,3685.0,1.1727594339622642,0.9897408207343412,2133,2216,3753,5107,1.3942803563056727,1.3046028880866427,0.8141112618724559,False,False,False,68.45637583892618,85.90604026845638,False,Not screen-positive in either version,0.5874290189935383,False,False,69.79865771812081,85.23489932885906,Not screen-positive in either version,1.4064697609001406,False,False,False,False,False,False,False,False,False,0,True,True
36058.0,48753.0,54487.0,68117.0,84811.0,34377.0,38520.0,48562.0,61523.0,0.7396057678501836,0.1999400179946016,No,4.0,524,NPL,0.0,Nepal,NPL,2026.0,1,Southern Asia,Nepal,Medium HDI,0,0,Lower middle income,0.0,0,13.0,0.1532820035136951,0.6498050584824553,0.4384327889448295,29651067.0,30510006.0,32909547.0,34642037.0,0.0,3.4989503149055285,8.0,7.0,8633.0,6097.0,11373.0,12771.0,16048.0,20006.0,7646.0,8589.0,10853.0,13743.0,0.7590785193000967,0.7974104106722469,1538.923076923077,0.0016716602182627,0.0,0.0,44.0,SEARO,Nepal,10034.0,10506.0,15291.0,19468.0,0.9402033087502492,0.8530363601751381,11373,11549,16048,20006,0.7590785193000967,0.7322711923110226,0.6677624820217793,False,False,False,59.73154362416108,54.36241610738255,False,Not screen-positive in either version,0.6498050584824553,False,False,60.40268456375839,55.033557046979865,Not screen-positive in either version,1.1430581201090302,False,False,False,False,False,False,False,False,False,0,True,False
66726.0,244031.0,268585.0,296622.0,310757.0,101934.0,117045.0,138446.0,151661.0,0.27343247374309,0.4198039109474026,No,31.0,528,NLD,0.0,"Netherlands, Kingdom of the",NLD,2025.0,1,Western Europe,The Netherlands,Very High HDI,0,0,High income,6.0,0,154.0,0.495564058090405,2.0854774930935487,8.448194028465366,18228748.0,18757229.0,19062993.0,18958483.0,3.0,3.6563566437354416,27.0,27.0,14384.0,11544.0,59460.0,65118.0,71086.0,73844.0,25041.0,28611.0,33522.0,36585.0,0.2419105280861083,0.4610039535162333,479.5064935064935,0.0027852612741214,0.0,0.0,123.0,EURO,The Netherlands,60587.0,63643.0,72773.0,73881.0,0.2194200075923878,0.1608660811086844,59460,60494,71086,73844,0.2419105280861083,0.22068304294640792,2.084433074809491,False,False,False,18.120805369127517,23.48993288590604,False,Not screen-positive in either version,2.0854774930935487,False,False,17.449664429530202,22.818791946308725,Not screen-positive in either version,2.589976454759502,False,False,False,False,False,False,False,False,False,0,True,False
265.0,1315.0,1407.0,1497.0,1580.0,738.0,794.0,854.0,916.0,0.2015209125475285,4.608294930875576,No,2.0,531,CUW,0.0,Netherlands Antilles,CUW,2024.0,1,Caribbean,CuraÃ§ao,,0,0,High income,0.0,0,3.0,1.8987341772151896,6.912442396313364,16.17346581198885,185489.0,184834.0,180408.0,173506.0,0.0,46.08294930875576,3.0,2.0,65.0,36.0,369.0,392.0,411.0,434.0,195.0,207.0,218.0,231.0,0.1761517615176151,0.1846153846153846,144.66666666666666,1.2586344745404386e-05,0.0,0.0,150.0,,CuraÃ§ao,,,,,,,369,371,411,434,0.17615176151761516,0.16981132075471697,,False,False,False,,,False,Not comparable,,False,False,,,Not comparable,8.130081300813009,False,False,False,False,False,False,False,False,False,0,True,False
1593.0,2276.0,2682.0,3356.0,3869.0,934.0,1128.0,1482.0,1805.0,0.6999121265377856,,,,540,NCL,,,,,0,,New Caledonia,,0,0,High income,,0,,,,,292650.0,307584.0,327508.0,340591.0,,,,,487.0,233.0,687.0,813.0,1017.0,1174.0,254.0,307.0,400.0,487.0,0.7088791848617176,0.9173228346456692,,9.43007675540298e-05,,,,WPRO,New Caledonia,671.0,757.0,1093.0,1269.0,0.8912071535022354,0.6763540290620872,687,705,1017,1174,0.7088791848617176,0.6652482269503546,,False,False,False,,,False,Not comparable,,False,False,,,Not comparable,,False,False,False,False,False,False,False,False,False,0,False,False
684.0,626.0,746.0,994.0,1310.0,290.0,344.0,464.0,630.0,1.0926517571884984,,,,548,VUT,,,,,0,,Vanuatu,Medium HDI,0,0,Lower middle income,,0,,,,,327786.0,372439.0,451521.0,534394.0,,,,,159.0,79.0,134.0,164.0,218.0,293.0,64.0,77.0,104.0,143.0,1.1865671641791045,1.234375,,3.078813560798919e-05,,,,WPRO,Vanuatu,119.0,126.0,211.0,277.0,1.3277310924369747,1.1984126984126984,134,138,218,293,1.1865671641791045,1.1231884057971016,,False,False,False,,,False,Not comparable,,False,False,,,Not comparable,,False,False,False,False,False,False,False,False,False,0,False,False
24878.0,57238.0,64400.0,74658.0,82116.0,23460.0,27614.0,34438.0,39592.0,0.4346413221985394,0.2101502574340653,No,4.0,554,NZL,0.0,New Zealand,NZL,2024.0,1,Australia and New Zealand,New Zealand,Very High HDI,0,0,High income,3.0,0,35.0,0.4262263139948365,1.838814752548072,6.712759671120806,5213951.0,5407358.0,5617299.0,5755297.0,0.0,5.253756435851634,10.0,10.0,5197.0,3478.0,13837.0,15398.0,17503.0,19034.0,5325.0,6234.0,7698.0,8803.0,0.3755871937558719,0.6531455399061032,543.8285714285714,0.0010063266714133,0.0,0.0,109.0,WPRO,New Zealand,13190.0,14406.0,18258.0,20235.0,0.5341167551175132,0.40462307371928363,13837,14109,17503,19034,0.37558719375587196,0.34906797079878094,1.729676303434643,False,False,False,36.241610738255034,32.21476510067114,False,Not screen-positive in either version,1.8388147525480718,False,False,34.22818791946309,32.21476510067114,Not screen-positive in either version,2.5294500252945005,False,False,False,False,False,False,False,False,False,0,True,False
23013.0,17525.0,21595.0,29927.0,40538.0,9415.0,11801.0,16846.0,23356.0,1.3131526390870183,0.2113941443822006,No,2.0,558,NIC,0.0,Nicaragua,NIC,2026.0,1,Central America,Nicaragua,Medium HDI,0,1,Lower middle income,1.0,0,6.0,0.1480092752479155,0.6341824331466018,0.8675348087497826,6916149.0,7441612.0,8189923.0,8756439.0,0.0,2.1139414438220063,2.0,2.0,5506.0,2798.0,3955.0,4921.0,6896.0,9461.0,1811.0,2284.0,3291.0,4609.0,1.3921618204804045,1.545002760905577,1576.8333333333333,0.0010661602179722,0.0,0.0,42.0,PAHO,Nicaragua,3928.0,3979.0,6638.0,8911.0,1.2685845213849287,1.2395074139230962,3955,4108,6896,9461,1.3921618204804045,1.3030671859785783,0.6733251038042868,False,False,False,72.48322147651007,85.23489932885906,False,Not screen-positive in either version,0.6341824331466018,False,False,78.52348993288591,84.56375838926175,Not screen-positive in either version,1.5170670037926675,False,False,False,False,False,False,True,False,False,1,True,True
51410.0,31806.0,39723.0,57467.0,83216.0,20689.0,25831.0,37314.0,54235.0,1.6163616927623718,0.0,No,0.0,562,NER,0.0,Niger,NER,2021.0,1,Western Africa,Niger,Low HDI,1,1,Low income,0.0,1,1.0,0.0120169198231109,0.0505433409148344,0.0369926171244521,27032421.0,32518084.0,42316748.0,52513884.0,0.0,0.5054334091483447,1.0,1.0,12375.0,7039.0,7410.0,9269.0,13530.0,19785.0,4257.0,5315.0,7718.0,11296.0,1.6700404858299596,1.6535118628141885,19785.0,0.0023962464034519,0.0,0.0,7.0,AFRO,Niger,4189.0,4669.0,8393.0,12513.0,1.9871090952494628,1.6800171342899979,7410,7691,13530,19785,1.6700404858299596,1.5724873228448837,0.07991688643810436,True,True,True,95.30201342281879,97.31543624161074,True,Retained,0.05054334091483447,True,True,94.63087248322147,97.31543624161074,Retained,0.1349527665317139,True,True,True,True,True,True,True,True,True,7,False,False
317807.0,301345.0,355739.0,472134.0,619152.0,180861.0,214496.0,286026.0,376519.0,1.0546284159352235,0.0591896931014412,No,12.0,566,NGA,0.0,Nigeria,NGA,2026.0,1,Western Africa,Nigeria,Low HDI,0,0,Lower middle income,0.0,1,17.0,0.0274569088043,0.0838520652270417,0.0730618767437801,232679487.0,262380978.0,312710424.0,359185564.0,0.0,0.7398711637680159,15.0,15.0,105689.0,60948.0,97049.0,114727.0,153276.0,202738.0,55171.0,65481.0,87699.0,116119.0,1.0890271924491752,1.1047108082144603,11925.764705882351,0.0204652029199545,0.0,0.0,10.0,AFRO,Nigeria,74974.0,84809.0,133129.0,180414.0,1.4063542027903007,1.127297810373899,97049,99737,153276,202738,1.0890271924491752,1.0327260695629505,0.09422772068686465,True,True,True,76.51006711409396,70.46979865771812,False,No longer screen-positive,0.08385206522704179,False,False,74.49664429530202,71.14093959731544,Not screen-positive in either version,0.17516924440231224,False,False,False,False,False,False,False,False,False,0,True,False
32248.0,75332.0,84833.0,97963.0,107580.0,24883.0,29270.0,35666.0,40941.0,0.4280783730685499,0.4658385093167702,No,12.0,578,NOR,0.0,Norway,NOR,2021.0,1,Northern Europe,Norway,Very High HDI,0,0,High income,7.0,0,44.0,0.4089979550102249,1.708074534161491,7.89001604542354,5576668.0,5729104.0,5853880.0,5899839.0,0.0,3.881987577639752,10.0,10.0,7224.0,3636.0,18536.0,20730.0,23698.0,25760.0,5571.0,6573.0,8019.0,9207.0,0.3897280966767371,0.6526655896607432,585.4545454545455,0.0013988269913969,0.0,0.0,106.0,EURO,Norway,19071.0,20375.0,25804.0,28646.0,0.50207120759268,0.40593865030674847,18536,18932,23698,25760,0.38972809667673713,0.3606592013522079,1.5359910633247225,False,False,False,33.557046979865774,32.88590604026846,False,Not screen-positive in either version,1.7080745341614907,False,False,35.57046979865772,32.88590604026846,Not screen-positive in either version,2.373759171342253,False,False,False,False,False,False,False,False,False,0,False,False
374920.0,376541.0,440529.0,577634.0,751461.0,238598.0,279721.0,369448.0,485729.0,0.9956950239150584,0.0753515621320724,No,16.0,586,PAK,0.0,Pakistan,PAK,2026.0,1,Southern Asia,Pakistan,Low HDI,0,0,Lower middle income,1.0,1,84.0,0.1117822481805443,0.3955957011933804,0.3343028447480675,251269175.0,276883264.0,324937707.0,371863801.0,0.0,1.318652337311268,32.0,28.0,108305.0,63884.0,104033.0,122437.0,161950.0,212338.0,60221.0,70864.0,94012.0,124105.0,1.0410638931877385,1.0608259577223893,2527.833333333333,0.0209717548869388,0.0,0.0,35.0,EMRO,Pakistan,96871.0,101479.0,156150.0,204920.0,1.1153905709655108,1.0193340494092373,104033,106783,161950,212338,1.0410638931877385,0.9885000421415394,0.40991606480577786,False,True,False,67.11409395973155,67.11409395973155,False,Not screen-positive in either version,0.3955957011933804,False,False,71.81208053691275,67.78523489932886,Not screen-positive in either version,0.8074361020060942,False,False,False,False,False,False,False,False,False,0,True,False
23603.0,18552.0,22856.0,31783.0,42155.0,7905.0,9855.0,13861.0,18457.0,1.2722617507546357,0.2733983413833956,No,3.0,591,PAN,0.0,Panama,PAN,2026.0,1,Central America,Panama,Very High HDI,0,1,Upper middle income,0.0,0,12.0,0.2846637409559957,1.0935933655335823,2.657462986523341,4515585.0,4833867.0,5286601.0,5630688.0,0.0,3.6453112184452743,4.0,4.0,6450.0,2264.0,4523.0,5644.0,8050.0,10973.0,1612.0,2017.0,2871.0,3876.0,1.42604466062348,1.4044665012406947,914.4166666666666,0.0012489526708901,0.0,0.0,72.0,PAHO,Panama,4085.0,4374.0,6737.0,8395.0,1.0550795593635252,0.9192958390489254,4523,4696,8050,10973,1.42604466062348,1.3366695059625213,1.429422275163788,False,False,False,64.42953020134227,87.91946308724832,False,Not screen-positive in either version,1.0935933655335823,False,False,65.77181208053692,87.91946308724832,Not screen-positive in either version,2.6531063453460093,False,False,False,False,False,False,False,False,False,0,True,False
34640.0,27306.0,34042.0,47341.0,61946.0,15522.0,19603.0,27743.0,36686.0,1.2685856588295612,0.0593930035041872,No,1.0,598,PNG,0.0,Papua New Guinea,PNG,2024.0,1,Melanesia,Papua New Guinea,Medium HDI,1,1,Lower middle income,1.0,1,2.0,0.032286184741549,0.1187860070083744,0.1890982584806786,10576512.0,11671433.0,13376169.0,14906600.0,0.0,0.593930035041872,1.0,1.0,9538.0,5825.0,7299.0,9180.0,12821.0,16837.0,4259.0,5408.0,7641.0,10084.0,1.3067543499109466,1.3676919464663069,8418.5,0.0018469008643333,0.0,0.0,17.0,WPRO,Papua New Guinea,6283.0,7378.0,11848.0,15204.0,1.4198631227120802,1.060721062618596,7299,7591,12821,16837,1.3067543499109466,1.2180213410617837,0.13154433043935806,True,True,True,77.85234899328859,78.52348993288591,True,Retained,0.11878600700837441,False,True,73.15436241610739,78.52348993288591,New in GCO version 2024,0.2740101383751199,True,False,True,False,True,True,True,True,True,6,True,True
27252.0,25375.0,30420.0,40568.0,52627.0,12324.0,14909.0,20151.0,26538.0,1.0739704433497537,0.1991635132443736,No,3.0,600,PRY,0.0,Paraguay,PRY,2026.0,1,South America,Paraguay,High HDI,0,0,Upper middle income,0.0,0,11.0,0.2090181845820586,0.73026621522937,1.5874935526114125,6929162.0,7407629.0,8087580.0,8640473.0,0.0,3.983270264887473,7.0,6.0,8043.0,3743.0,7020.0,8485.0,11467.0,15063.0,3207.0,3888.0,5260.0,6950.0,1.1457264957264957,1.1671343935141878,1369.3636363636365,0.001557414935189,0.0,0.0,47.0,PAHO,Paraguay,7224.0,6946.0,10341.0,12991.0,0.7983111849390919,0.870285056147423,7020,7247,11467,15063,1.1457264957264957,1.0785152476886988,0.8467400508044031,False,False,False,49.664429530201346,72.48322147651007,False,Not screen-positive in either version,0.73026621522937,False,False,61.74496644295302,73.15436241610739,Not screen-positive in either version,1.566951566951567,False,False,False,False,False,False,False,False,False,0,True,False
137831.0,151558.0,179583.0,232016.0,289389.0,73545.0,88892.0,118751.0,153553.0,0.9094274139273414,0.2694509936005389,No,16.0,604,PER,0.0,Peru,PER,2026.0,1,South America,Peru,High HDI,0,0,Upper middle income,0.0,0,68.0,0.2349778326059387,1.1451667228022904,1.9872664150982216,34217858.0,36193891.0,38794657.0,40583887.0,0.0,4.378578646008757,28.0,26.0,28356.0,14950.0,31024.0,36846.0,47701.0,59380.0,13463.0,16305.0,21867.0,28413.0,0.9140020629190304,1.1104508653346208,873.2352941176471,0.0054907444861644,0.0,0.0,75.0,PAHO,Peru,29284.0,29443.0,43592.0,54556.0,0.862996858352684,0.852936181774955,31024,31963,47701,59380,0.9140020629190304,0.8577730500891656,1.2464256910330669,False,False,False,52.348993288590606,60.40268456375839,False,Not screen-positive in either version,1.1451667228022904,False,False,59.73154362416108,61.07382550335571,Not screen-positive in either version,2.191851469829809,False,False,False,False,False,False,False,False,False,0,True,False
296347.0,298902.0,361933.0,475069.0,595249.0,172527.0,211801.0,283220.0,360460.0,0.9914520478283853,0.1202257713432382,No,19.0,608,PHL,0.0,Philippines,PHL,2026.0,1,South-Eastern Asia,Philippines,High HDI,0,0,Lower middle income,0.0,1,79.0,0.132717568614143,0.4998861019008327,0.6819534738537312,115843680.0,121408905.0,129546670.0,134373447.0,0.0,3.9864334708547418,64.0,63.0,81345.0,43769.0,76691.0,93907.0,125102.0,158036.0,38568.0,47702.0,64406.0,82337.0,1.060685086907199,1.1348527276498652,2000.455696202532,0.015751326358691,0.0,0.0,38.0,WPRO,Philippines,94769.0,102697.0,158498.0,199456.0,1.1046544756196646,0.9421794210152196,76691,79433,125102,158036,1.060685086907199,0.9895509423035767,0.39607733033852077,False,True,False,65.77181208053692,69.12751677852349,False,Not screen-positive in either version,0.4998861019008327,False,False,67.11409395973155,68.45637583892618,Not screen-positive in either version,1.0301078353392183,False,False,False,False,False,False,False,False,False,0,True,False
89971.0,398973.0,427714.0,464659.0,488944.0,227363.0,251615.0,289187.0,310634.0,0.225506487907703,0.1786299086010301,No,24.0,616,POL,0.0,Poland,POL,2026.0,1,Eastern Europe,Poland,Very High HDI,0,0,High income,0.0,0,173.0,0.3538237507771851,1.287623924499092,4.488934892254794,38539209.0,37198549.0,35179561.0,32814105.0,2.0,3.4981690434368398,47.0,47.0,22554.0,21047.0,111802.0,119047.0,127332.0,134356.0,59359.0,65358.0,74586.0,80406.0,0.2017316327078227,0.3545713371182129,776.6242774566474,0.0043672679905823,0.0,0.0,85.0,EURO,Poland,117348.0,121887.0,141927.0,150451.0,0.2820925793366738,0.23434820776620968,111802,113020,127332,134356,0.20173163270782277,0.1887807467704831,1.149876039374946,False,False,False,22.818791946308725,20.80536912751678,False,Not screen-positive in either version,1.287623924499092,False,False,22.818791946308725,20.80536912751678,Not screen-positive in either version,1.547378401101948,False,False,False,False,False,False,False,False,False,0,True,False
12426.0,136144.0,142827.0,149424.0,148570.0,66922.0,72760.0,80858.0,84978.0,0.09127100716888,0.4827625376270801,No,17.0,620,PRT,0.0,Portugal,PRT,2025.0,1,Southern Europe,Portugal,Very High HDI,0,0,High income,0.0,0,57.0,0.3836575351686074,1.6186743908672687,5.467468037613495,10425301.0,10317935.0,10082263.0,9770279.0,0.0,6.815471119441131,24.0,24.0,1289.0,3477.0,33925.0,35274.0,36197.0,35214.0,14888.0,16090.0,17675.0,18365.0,0.0379955784819454,0.2335437936593229,617.7894736842105,0.000249596898105,0.0,0.0,102.0,EURO,Portugal,33409.0,34095.0,37627.0,37717.0,0.12894728965248886,0.10623258542308256,33925,34186,36197,35214,0.037995578481945465,0.03007078921195811,1.5112548718084684,False,False,False,10.06711409395973,8.053691275167784,False,Not screen-positive in either version,1.6186743908672687,False,False,9.395973154362416,8.053691275167784,Not screen-positive in either version,1.6801768607221812,False,False,False,False,False,False,False,False,False,0,True,False
4061.0,3152.0,3846.0,5330.0,7213.0,2138.0,2628.0,3696.0,5077.0,1.2883883248730963,,,,624,GNB,,,,,0,,Guinea-Bissau,Low HDI,0,1,Low income,,0,,,,,2201364.0,2488943.0,2969713.0,3438616.0,,,,,1077.0,672.0,805.0,985.0,1376.0,1882.0,479.0,589.0,832.0,1151.0,1.337888198757764,1.4029227557411277,,0.0002085460506277,,,,AFRO,Guinea-Bissau,622.0,707.0,1190.0,1649.0,1.6511254019292605,1.3323903818953324,805,834,1376,1882,1.337888198757764,1.2565947242206235,,False,False,False,,,False,Not comparable,,False,False,,,Not comparable,,False,False,False,False,False,False,False,False,False,0,False,False
2946.0,3171.0,3553.0,4564.0,6117.0,2047.0,2274.0,2917.0,3977.0,0.9290444654683064,,,,626,TLS,,,,,0,,Timor-Leste,Medium HDI,0,0,Lower middle income,,0,,,,,1400647.0,1519813.0,1718261.0,1889258.0,,,,,824.0,475.0,840.0,948.0,1232.0,1664.0,492.0,551.0,706.0,967.0,0.9809523809523808,0.9654471544715448,,0.0001595561241571,,,,SEARO,Timor-Leste,437.0,478.0,691.0,902.0,1.0640732265446224,0.8870292887029289,840,855,1232,1664,0.9809523809523809,0.9461988304093567,,False,False,False,,,False,Not comparable,,False,False,,,Not comparable,,False,False,False,False,False,False,False,False,False,0,False,False
362.0,33067.0,34472.0,34777.0,33429.0,15742.0,16656.0,17152.0,16790.0,0.0109474702875979,0.1223990208078335,No,1.0,630,PRI,0.0,Puerto Rico,PRI,2021.0,1,Caribbean,Puerto Rico,,0,0,High income,0.0,0,20.0,0.5982829279966496,2.4479804161566707,6.168624279581792,3242214.0,3140750.0,2853797.0,2504004.0,0.0,15.91187270501836,16.0,13.0,-130.0,93.0,8300.0,8590.0,8557.0,8170.0,3362.0,3520.0,3565.0,3455.0,-0.0156626506024096,0.0276621058893515,408.5,-2.5172689490808773e-05,0.0,0.0,137.0,PAHO,Puerto Rico,7255.0,8944.0,9277.0,9085.0,0.25223983459682975,0.015764758497316636,8300,8369,8557,8170,-0.01566265060240964,-0.023778229179113396,2.201430930104568,False,False,False,21.476510067114095,4.026845637583892,False,Not screen-positive in either version,2.4479804161566707,False,False,4.697986577181208,4.026845637583892,Not screen-positive in either version,2.4096385542168677,False,False,False,False,False,False,False,False,False,0,False,False
3191.0,6629.0,7186.0,8182.0,9820.0,2918.0,3192.0,3678.0,4469.0,0.481369739025494,0.4595588235294117,No,1.0,634,QAT,0.0,Qatar,QAT,2023.0,1,Western Asia,Qatar,Very High HDI,0,0,High income,0.0,0,4.0,0.4073319755600815,1.838235294117647,1.3121499839917703,3048432.0,3333621.0,3711513.0,4164471.0,0.0,4.595588235294118,1.0,1.0,767.0,357.0,1409.0,1531.0,1773.0,2176.0,659.0,721.0,834.0,1016.0,0.5443577004968062,0.5417298937784522,544.0,0.0001485188679957,0.0,0.0,108.0,EMRO,Qatar,680.0,669.0,1266.0,1860.0,1.7352941176470589,1.7802690582959642,1409,1437,1773,2176,0.5443577004968062,0.5142658315935977,2.150537634408602,True,False,False,89.93288590604027,40.26845637583892,False,Not screen-positive in either version,1.838235294117647,False,False,96.64429530201343,40.939597315436245,Not screen-positive in either version,2.8388928317956,False,False,False,False,False,False,False,False,False,0,True,False
2866.0,6673.0,7753.0,9081.0,9539.0,2924.0,3562.0,4584.0,5214.0,0.4294919826165143,0.0,No,0.0,638,REU,0.0,Reunion,REU,2018.0,1,Eastern Africa,"France, La RÃ©union",,0,0,,0.0,0,5.0,0.5241639584862144,2.038320423970648,5.690891273245868,878597.0,900879.0,929488.0,941424.0,0.0,4.076640847941296,1.0,1.0,625.0,496.0,1828.0,2107.0,2405.0,2453.0,693.0,834.0,1057.0,1189.0,0.3419037199124726,0.7157287157287158,490.6,0.0001210225456288,0.0,0.0,119.0,AFRO,"France, La RÃ©union",1671.0,1884.0,2469.0,2658.0,0.5906642728904847,0.410828025477707,1828,1878,2405,2453,0.34190371991247265,0.3061767838125666,1.8811136192626035,False,False,False,40.26845637583892,29.53020134228188,False,Not screen-positive in either version,2.038320423970648,False,False,36.241610738255034,28.187919463087248,Not screen-positive in either version,2.735229759299781,False,False,False,False,False,False,False,False,False,0,False,False
6418.0,194205.0,199340.0,204144.0,200623.0,106167.0,110849.0,116720.0,117989.0,0.0330475528436446,0.1872904687880433,No,10.0,642,ROU,0.0,Romania,ROU,2026.0,1,Eastern Europe,Romania,Very High HDI,0,0,Upper middle income,0.0,0,118.0,0.5881678571250555,2.210027531698912,6.205596132966993,19015095.0,18359519.0,17209726.0,16027274.0,0.0,10.48826625213043,58.0,56.0,650.0,2266.0,52743.0,54015.0,54859.0,53393.0,26182.0,27277.0,28478.0,28448.0,0.0123239102819331,0.0865480100832633,452.4830508474576,0.000125863447454,0.0,0.0,129.0,EURO,Romania,55041.0,54533.0,60447.0,61233.0,0.11249795606911211,0.12286138668329269,52743,52970,54859,53393,0.012323910281933147,0.007985652255993958,1.927065471232832,False,False,False,8.724832214765101,6.7114093959731544,False,Not screen-positive in either version,2.2100275316989118,False,False,12.080536912751679,6.0402684563758395,Not screen-positive in either version,2.2372637127201713,False,False,False,False,False,False,False,False,False,0,True,False
158895.0,1246274.0,1313312.0,1371891.0,1405169.0,614403.0,662142.0,722725.0,758317.0,0.1274960401966181,0.4456107342674654,No,153.0,643,RUS,0.0,Russian Federation,RUS,2026.0,1,Eastern Europe,Russian Federation,Very High HDI,0,0,Upper middle income,79.0,0,568.0,0.404221840931589,1.6542934448622246,3.922098533182794,144820431.0,141889418.0,138281843.0,136132785.0,4.0,4.572606881045234,166.0,157.0,34928.0,28698.0,308421.0,323539.0,335178.0,343349.0,136152.0,145811.0,157036.0,164850.0,0.1132478008955291,0.2107791292085316,604.487676056338,0.0067633207579612,0.0,0.0,104.0,EURO,Russian Federation,314451.0,315153.0,346927.0,361179.0,0.14860184893671827,0.14604335037267613,308421,311274,335178,343349,0.11324780089552916,0.10304426325359652,1.572627422967559,False,False,False,11.409395973154362,14.76510067114094,False,Not screen-positive in either version,1.6542934448622246,False,False,14.76510067114094,14.76510067114094,Not screen-positive in either version,1.841638539528761,False,False,False,False,False,False,False,False,False,0,True,False
31928.0,24719.0,29825.0,40881.0,56647.0,15941.0,19296.0,26808.0,37576.0,1.2916380112464096,0.0,No,0.0,646,RWA,0.0,Rwanda,RWA,2023.0,1,Eastern Africa,Rwanda,Low HDI,1,1,Low income,0.0,1,2.0,0.0353063710346532,0.1296176279974076,0.1402861191514541,14256578.0,16154714.0,19440780.0,22707918.0,0.0,0.6480881399870383,1.0,1.0,8832.0,5711.0,6598.0,7989.0,10972.0,15430.0,4154.0,5031.0,6980.0,9865.0,1.3385874507426494,1.3748194511314396,7715.0,0.0017101937967909,0.0,0.0,21.0,AFRO,Rwanda,3569.0,3859.0,6488.0,9245.0,1.5903614457831325,1.395698367452708,6598,6817,10972,15430,1.3385874507426494,1.2634589995599237,0.21633315305570577,True,True,True,83.22147651006712,79.86577181208054,True,Retained,0.12961762799740764,True,True,86.57718120805369,81.20805369127517,Retained,0.30312215822976657,True,False,True,False,True,False,True,True,True,5,True,True
670.0,924.0,1066.0,1344.0,1594.0,450.0,522.0,666.0,804.0,0.7251082251082251,,,,662,LCA,,,,,0,,Saint Lucia,High HDI,0,0,Upper middle income,,0,,,,,179752.0,181369.0,179300.0,172088.0,,,,,212.0,104.0,271.0,313.0,397.0,483.0,120.0,139.0,181.0,224.0,0.7822878228782287,0.8666666666666667,,4.105084747731892e-05,,,,PAHO,Saint Lucia,272.0,249.0,342.0,394.0,0.4485294117647059,0.5823293172690763,271,277,397,483,0.7822878228782287,0.7436823104693141,,False,False,False,,,False,Not comparable,,False,False,,,Not comparable,,False,False,False,False,False,False,False,False,False,0,False,False
186.0,168.0,202.0,276.0,354.0,108.0,130.0,180.0,230.0,1.1071428571428572,,,,678,STP,,,,,0,,Sao Tome and Principe,Medium HDI,0,0,Lower middle income,,0,,,,,235544.0,264574.0,315852.0,365124.0,,,,,71.0,41.0,61.0,74.0,102.0,132.0,33.0,40.0,56.0,74.0,1.1639344262295082,1.2424242424242424,,1.3748161183441715e-05,,,,AFRO,Sao Tome and Principe,81.0,96.0,153.0,193.0,1.382716049382716,1.0104166666666667,61,62,102,132,1.1639344262295082,1.1290322580645162,,False,False,False,,,False,Not comparable,,False,False,,,Not comparable,,False,False,False,False,False,False,False,False,False,0,False,False
54823.0,48641.0,58473.0,78676.0,103464.0,20608.0,25147.0,35033.0,47248.0,1.1270944265126128,0.4217432052483599,No,9.0,682,SAU,0.0,Saudi Arabia,SAU,2026.0,1,Western Asia,Saudi Arabia,Very High HDI,0,1,High income,0.0,0,49.0,0.4735946802752648,2.2961574507966263,1.4427565011270431,33962765.0,37443762.0,42592214.0,47693919.0,0.0,8.434864104967199,20.0,18.0,12022.0,5015.0,9318.0,11438.0,15894.0,21340.0,3794.0,4651.0,6519.0,8809.0,1.290191028117622,1.3218239325250396,435.5102040816327,0.0023278928696807,0.0,0.0,133.0,EMRO,Saudi Arabia,10193.0,11311.0,22929.0,31193.0,2.06023741783577,1.7577579347537795,9318,9643,15894,21340,1.2901910281176219,1.2130042517888624,1.5708652582310134,True,False,False,95.9731543624161,77.85234899328859,False,Not screen-positive in either version,2.2961574507966263,False,False,95.9731543624161,77.85234899328859,Not screen-positive in either version,5.258639192959863,False,False,False,False,False,False,False,False,False,0,True,False
39725.0,28562.0,34995.0,49272.0,68287.0,19281.0,23656.0,33647.0,47455.0,1.39083397521182,0.0568860572273735,No,1.0,686,SEN,0.0,Senegal,SEN,2024.0,1,Western Africa,Senegal,Low HDI,1,1,Lower middle income,0.0,1,4.0,0.0585763029566388,0.2275442289094942,0.2161929024410611,18501995.0,21163199.0,25797518.0,30364962.0,0.0,1.7065817168212072,4.0,3.0,10401.0,6450.0,7178.0,8855.0,12595.0,17579.0,4270.0,5263.0,7551.0,10720.0,1.4490108665366397,1.5105386416861826,4394.75,0.0020140087953377,0.0,0.0,28.0,AFRO,Senegal,6158.0,6655.0,11546.0,16594.0,1.6947060734004546,1.4934635612321563,7178,7429,12595,17579,1.4490108665366397,1.3662673307309194,0.2410509822827528,True,True,True,88.59060402684564,90.60402684563759,True,Retained,0.22754422890949427,True,True,91.94630872483222,90.60402684563759,Retained,0.5572582892170521,True,True,True,True,True,True,True,True,True,7,True,True
-3190.0,73850.0,74053.0,72619.0,70660.0,42722.0,43819.0,44177.0,43731.0,-0.0431956668923493,0.2748460861917326,No,5.0,688,SRB,0.0,Serbia,SRB,2026.0,1,Southern Europe,Serbia,Very High HDI,0,0,Upper middle income,1.0,0,37.0,0.5236343051231248,2.0338610378188213,5.492691454440945,6736224.0,6461220.0,5987461.0,5532878.0,0.0,4.947229551451187,9.0,9.0,-1176.0,38.0,19368.0,19279.0,18714.0,18192.0,11062.0,11248.0,11235.0,11100.0,-0.060718711276332,0.0034351835111191,491.6756756756757,-0.0002277160218553,0.0,0.0,118.0,EURO,Serbia,22397.0,19327.0,20088.0,19718.0,-0.11961423404920302,0.02023076525068557,19368,19378,18714,18192,-0.06071871127633209,-0.061203426566209106,1.8764580586266355,False,False,False,1.342281879194631,2.684563758389262,False,Not screen-positive in either version,2.0338610378188213,False,False,5.369127516778524,2.684563758389262,Not screen-positive in either version,1.9103676166873194,False,False,False,False,False,False,False,False,False,0,True,False
15112.0,12595.0,15191.0,20716.0,27707.0,8113.0,9823.0,13530.0,18355.0,1.1998412068281064,,,,694,SLE,,,,,0,,Sierra Leone,Low HDI,0,1,Low income,,0,,,,,8642033.0,9694866.0,11398410.0,12948334.0,,,,,4267.0,2543.0,3405.0,4126.0,5684.0,7672.0,1942.0,2359.0,3277.0,4485.0,1.253157121879589,1.3094747682801235,,0.0008262451235175,,,,AFRO,Sierra Leone,1127.0,1362.0,2231.0,2994.0,1.6566104702750666,1.198237885462555,3405,3515,5684,7672,1.253157121879589,1.1826458036984353,,False,False,False,,,False,Not comparable,,False,False,,,Not comparable,,False,False,False,False,False,False,False,False,False,0,False,False
34260.0,38055.0,46147.0,60069.0,72315.0,15203.0,19324.0,27326.0,34593.0,0.9002759164367363,0.3467606773391897,No,6.0,702,SGP,0.0,Singapore,SGP,2024.0,1,South-Eastern Asia,Singapore,Very High HDI,0,0,High income,0.0,0,28.0,0.3871949111525963,1.618216494249552,4.800771415384004,5832396.0,6031387.0,6194787.0,6081699.0,3.0,6.357279084551812,11.0,11.0,7920.0,4113.0,9383.0,11324.0,14546.0,17303.0,3310.0,4192.0,5889.0,7423.0,0.8440797186400938,1.2425981873111782,617.9642857142857,0.0015335976982092,0.0,0.0,101.0,WPRO,Singapore,11752.0,13316.0,19963.0,22008.0,0.8727025187202179,0.6527485731450886,9383,9695,14546,17303,0.8440797186400938,0.7847343991748323,1.272264631043257,False,False,False,54.36241610738255,59.06040268456376,False,Not screen-positive in either version,1.618216494249552,False,False,47.651006711409394,59.06040268456376,Not screen-positive in either version,2.984120217414473,False,False,False,False,False,False,False,False,False,0,True,False
19724.0,60902.0,67117.0,75688.0,80626.0,30576.0,34848.0,41054.0,45074.0,0.3238645693080687,0.3020691738408095,No,6.0,703,SVK,0.0,Slovakia,SVK,2026.0,1,Eastern Europe,Slovakia,Very High HDI,0,0,High income,9.0,0,24.0,0.2976707265646318,1.2082766953632382,4.358272518785516,5506769.0,5401402.0,5192017.0,4936496.0,0.0,6.544832099884207,15.0,13.0,4481.0,3160.0,15382.0,16806.0,18764.0,19863.0,6935.0,7865.0,9235.0,10095.0,0.2913145234689897,0.4556596971881759,827.625,0.0008676832431408,0.0,0.0,78.0,EURO,Slovakia,15568.0,16274.0,19637.0,21251.0,0.36504367934224047,0.3058252427184466,15382,15614,18764,19863,0.29131452346898973,0.2721275778147816,1.1293586184179567,False,False,False,28.859060402684566,25.503355704697988,False,Not screen-positive in either version,1.2082766953632382,False,False,28.187919463087248,25.503355704697988,Not screen-positive in either version,1.5602652450916656,False,False,False,False,False,False,False,False,False,0,True,False
214386.0,352821.0,412412.0,502838.0,567207.0,221629.0,263474.0,329179.0,375923.0,0.6076338993427262,0.1727388114067698,No,23.0,704,VNM,0.0,Viet Nam,VNM,2026.0,1,South-Eastern Asia,Viet Nam,High HDI,0,0,Lower middle income,0.0,0,70.0,0.123411735045583,0.5257268173249517,0.6931537618831063,100987694.0,104254911.0,108437645.0,110008915.0,0.0,2.102907269299807,31.0,28.0,48488.0,35104.0,84661.0,98759.0,119394.0,133149.0,54661.0,64639.0,79739.0,89765.0,0.5727312457920412,0.6422129123140813,1902.1285714285716,0.0093890259079256,0.0,0.0,39.0,WPRO,Viet Nam,86238.0,93822.0,129434.0,147173.0,0.7065910619448503,0.5686406173392168,84661,87073,119394,133149,0.5727312457920412,0.529165183237054,0.4756307203087523,False,True,False,45.63758389261745,42.281879194630875,False,Not screen-positive in either version,0.5257268173249517,False,False,44.29530201342282,41.61073825503356,Not screen-positive in either version,0.8268269923577563,False,False,False,False,False,False,False,False,False,0,True,False
6060.0,27829.0,30092.0,32994.0,33889.0,13735.0,15408.0,18273.0,19850.0,0.2177584534119084,0.5973715651135006,No,5.0,705,SVN,0.0,Slovenia,SVN,2026.0,1,Southern Europe,Slovenia,Very High HDI,0,0,High income,0.0,0,9.0,0.2655728997609844,1.075268817204301,4.247875826093852,2118706.0,2098965.0,2046774.0,1981564.0,0.0,2.3894862604540026,2.0,2.0,1221.0,1268.0,7149.0,7685.0,8285.0,8370.0,3112.0,3461.0,4066.0,4380.0,0.17079311791859,0.4074550128534704,930.0,0.0002364296451405,0.0,0.0,71.0,EURO,Slovenia,7118.0,7373.0,8517.0,8699.0,0.22211295307670695,0.17984538179845383,7149,7244,8285,8370,0.17079311791859,0.15543898398674766,1.0346016783538339,False,False,False,18.79194630872483,19.463087248322147,False,Not screen-positive in either version,1.075268817204301,False,False,18.79194630872483,19.463087248322147,Not screen-positive in either version,1.2589173310952582,False,False,False,False,False,False,False,False,False,0,True,False
30517.0,19748.0,24728.0,35393.0,50265.0,12254.0,15366.0,22101.0,31775.0,1.545321045169131,,,,706,SOM,,,,,0,,Somalia,Low HDI,0,1,Low income,,0,,,,,19009162.0,22915051.0,29896295.0,37206518.0,,,,,9009.0,5537.0,5528.0,6969.0,10104.0,14537.0,3354.0,4226.0,6136.0,8891.0,1.6297033285094067,1.6508646392367323,,0.001744467381713,,,,EMRO,Somalia,5227.0,5703.0,9647.0,13777.0,1.635737516740004,1.4157460985446257,5528,5753,10104,14537,1.6297033285094067,1.5268555536241961,,False,False,False,,,False,Not comparable,,False,False,,,Not comparable,,False,False,False,False,False,False,False,False,False,0,False,False
149606.0,194257.0,226884.0,284161.0,343863.0,109885.0,129906.0,165263.0,202824.0,0.7701447052101082,0.2329491360625519,No,23.0,710,ZAF,0.0,South Africa,ZAF,2022.0,1,Southern Africa,South Africa,High HDI,0,0,Upper middle income,8.0,0,102.0,0.2966297624344579,1.0330787773208825,1.5935708726740936,64007194.0,68161366.0,74035633.0,79177337.0,0.0,5.97565175116981,62.0,59.0,43484.0,24843.0,55250.0,64602.0,81190.0,98734.0,28560.0,33898.0,43325.0,53403.0,0.7870407239819005,0.8698529411764706,967.9803921568628,0.0084200709986025,0.0,0.0,69.0,AFRO,South Africa,59179.0,62741.0,93863.0,116809.0,0.9738251744706737,0.861765034028785,55250,56792,81190,98734,0.7870407239819005,0.7385195097901113,0.8732203854155074,False,False,False,62.41610738255034,56.375838926174495,False,Not screen-positive in either version,1.0330787773208823,False,False,61.07382550335571,56.375838926174495,Not screen-positive in either version,1.8461538461538463,False,False,False,False,False,False,False,False,False,0,False,False
52724.0,49791.0,57349.0,75149.0,102515.0,32639.0,37760.0,49866.0,68569.0,1.058906228033179,0.0652741514360313,No,2.0,716,ZWE,0.0,Zimbabwe,ZWE,2022.0,1,Eastern Africa,Zimbabwe,Medium HDI,0,0,Lower middle income,0.0,1,1.0,0.0097546700482856,0.0326370757180156,0.0601164503736898,16634382.0,18610359.0,22250115.0,25866395.0,0.0,0.97911227154047,3.0,3.0,15714.0,10365.0,14926.0,17170.0,22365.0,30640.0,9604.0,11091.0,14520.0,19969.0,1.0527937826611282,1.07923781757601,30640.0,0.0030427972512197,0.0,0.0,4.0,AFRO,Zimbabwe,9411.0,11078.0,17524.0,24610.0,1.6150249707788757,1.2215201299873624,14926,15273,22365,30640,1.0527937826611282,1.006154652000262,0.04063388866314506,True,True,True,83.89261744966443,68.45637583892618,False,No longer screen-positive,0.03263707571801567,True,False,77.85234899328859,69.79865771812081,No longer screen-positive,0.06699718611818303,False,False,False,False,False,False,False,False,False,0,False,False
169083.0,533892.0,587651.0,668123.0,702975.0,230580.0,259239.0,313709.0,359108.0,0.3166988829201411,0.753507998347864,No,135.0,724,ESP,0.0,Spain,ESP,2024.0,1,Southern Europe,Spain,Very High HDI,0,0,High income,21.0,0,262.0,0.3727017319250329,1.4623636708677064,5.468525982198403,47910534.0,47610527.0,46591683.0,44928568.0,3.0,7.032741317913397,128.0,126.0,39123.0,28105.0,140039.0,154518.0,174269.0,179162.0,53589.0,60356.0,72539.0,81694.0,0.2793721748941366,0.5244546455429285,683.824427480916,0.0075756240842223,0.0,0.0,94.0,EURO,Spain,143641.0,151306.0,181963.0,184356.0,0.2834497114333651,0.2184315228741755,140039,142452,174269,179162,0.2793721748941366,0.2577008395810519,1.4211634012454164,False,False,False,24.161073825503358,24.832214765100673,False,Not screen-positive in either version,1.4623636708677064,False,False,21.476510067114095,24.832214765100673,Not screen-positive in either version,1.8709073900841908,False,False,False,False,False,False,False,False,False,0,True,False
17301.0,16117.0,19727.0,26444.0,33418.0,10405.0,12928.0,17420.0,21927.0,1.0734628032512257,,,,728,SSD,,,,,0,,South Sudan,Low HDI,0,0,Low income,,0,,,,,11943416.0,13457462.0,16101488.0,18341981.0,,,,,5055.0,3071.0,4445.0,5453.0,7429.0,9500.0,2660.0,3317.0,4535.0,5731.0,1.137232845894263,1.1545112781954887,,0.0009788303490464,,,,AFRO,South Sudan,3514.0,3510.0,5437.0,7036.0,1.002276607854297,1.0045584045584046,4445,4605,7429,9500,1.1372328458942633,1.0629750271444083,,False,False,False,,,False,Not comparable,,False,False,,,Not comparable,,False,False,False,False,False,False,False,False,False,0,False,False
108729.0,81572.0,100986.0,139415.0,190301.0,51463.0,63917.0,89002.0,123558.0,1.3329206100132398,0.0,No,0.0,729,SDN,0.0,Sudan,SDN,2022.0,1,Northern Africa,Sudan,Low HDI,1,1,Low income,0.0,1,6.0,0.0315289987966432,0.1288853564754151,0.1189320496600773,50448975.0,58571627.0,71730610.0,85206389.0,0.0,0.6444267823770756,4.0,3.0,26673.0,15435.0,19880.0,24825.0,34319.0,46553.0,11112.0,13895.0,19285.0,26547.0,1.3417002012072434,1.3890388768898487,7758.833333333333,0.0051648549752949,0.0,0.0,20.0,EMRO,Sudan,13711.0,14592.0,24139.0,33031.0,1.4090875939027059,1.2636376096491229,19880,20610,34319,46553,1.3417002012072434,1.2587578845220766,0.18164754321697799,True,True,True,77.18120805369128,80.53691275167785,True,Retained,0.12888535647541513,True,True,79.86577181208054,80.53691275167785,Retained,0.30181086519114686,True,True,True,True,True,True,True,True,True,7,False,False
2536.0,2446.0,2906.0,3920.0,4982.0,1276.0,1536.0,2076.0,2638.0,1.036794766966476,0.6353240152477764,No,1.0,740,SUR,0.0,Suriname,SUR,2026.0,1,South America,Suriname,Medium HDI,0,1,Upper middle income,0.0,0,2.0,0.4014452027298273,1.2706480304955527,3.1523863564718493,634440.0,665660.0,707169.0,733910.0,0.0,6.353240152477763,1.0,1.0,858.0,368.0,716.0,855.0,1199.0,1574.0,331.0,397.0,543.0,699.0,1.1983240223463687,1.1117824773413898,787.0,0.0001661397506393,0.0,0.0,82.0,PAHO,Suriname,638.0,697.0,1021.0,1207.0,0.8918495297805643,0.7317073170731707,716,737,1199,1574,1.1983240223463687,1.135685210312076,1.6570008285004143,False,False,False,55.033557046979865,75.16778523489933,False,Not screen-positive in either version,1.2706480304955527,False,False,53.02013422818792,76.51006711409396,Not screen-positive in either version,2.793296089385475,False,False,False,False,False,False,False,False,False,0,True,False
1592.0,2132.0,2472.0,3069.0,3724.0,1283.0,1495.0,1900.0,2354.0,0.7467166979362101,,,,748,SWZ,,,,,0,,Eswatini,Medium HDI,0,0,Lower middle income,,0,,,,,1242829.0,1320925.0,1429790.0,1505341.0,,,,,542.0,357.0,692.0,804.0,1004.0,1234.0,426.0,496.0,626.0,783.0,0.7832369942196532,0.8380281690140845,,0.0001049507515693,,,,AFRO,Eswatini,693.0,804.0,1220.0,1578.0,1.277056277056277,0.9626865671641791,692,710,1004,1234,0.7832369942196532,0.7380281690140845,,False,False,False,,,False,Not comparable,,False,False,,,Not comparable,,False,False,False,False,False,False,False,False,False,0,False,False
36418.0,129171.0,139323.0,152851.0,165589.0,48709.0,55112.0,62497.0,70188.0,0.2819363479418755,0.4791204357474278,No,19.0,752,SWE,0.0,Sweden,SWE,2026.0,1,Northern Europe,Sweden,Very High HDI,0,0,High income,28.0,0,81.0,0.4891629274891448,2.042566068186403,7.6364614447789085,10607007.0,10841819.0,11078610.0,11309639.0,1.0,4.539035707080895,18.0,18.0,7978.0,4928.0,31678.0,33827.0,36868.0,39656.0,10761.0,12247.0,13917.0,15689.0,0.25184670749416,0.4579500046464083,489.58024691358025,0.0015448285904436,0.0,0.0,120.0,EURO,Sweden,31967.0,33757.0,39339.0,43058.0,0.34695154377952264,0.2755280386290251,31678,32066,36868,39656,0.25184670749416,0.2366993076779143,1.8811835199033862,False,False,False,27.516778523489933,24.161073825503358,False,Not screen-positive in either version,2.042566068186403,False,False,25.503355704697988,24.161073825503358,Not screen-positive in either version,2.5569796072984405,False,False,False,False,False,False,False,False,False,0,True,False
43102.0,106239.0,118326.0,136518.0,149341.0,38638.0,44452.0,54242.0,63536.0,0.4057078850516288,0.7075738707121023,No,25.0,756,CHE,0.0,Switzerland,CHE,2024.0,1,Western Europe,Switzerland,Very High HDI,0,0,High income,10.0,0,85.0,0.5691672079335213,2.405751160421148,9.527022558868593,8921990.0,9130302.0,9276190.0,9342594.0,1.0,10.755122834823956,41.0,38.0,9210.0,5881.0,26122.0,29004.0,32998.0,35332.0,9382.0,10795.0,13101.0,15263.0,0.3525763724064007,0.6268386271583885,415.6705882352941,0.0017833882323872,0.0,0.0,134.0,EURO,Switzerland,26062.0,27160.0,34494.0,37685.0,0.4459749827334817,0.38751840942562593,26122,26615,32998,35332,0.3525763724064007,0.32752207401841066,2.2555393392596526,False,False,False,31.543624161073826,30.201342281879196,False,Not screen-positive in either version,2.405751160421148,False,False,32.21476510067114,30.201342281879196,Not screen-positive in either version,3.2539621774749254,False,False,False,False,False,False,False,False,False,0,True,False
77979.0,54018.0,70164.0,98321.0,131997.0,32800.0,42840.0,60653.0,83139.0,1.4435743641008554,0.0559096500055909,No,2.0,760,SYR,0.0,Syrian Arab Republic,SYR,2023.0,1,Western Asia,Syrian Arab Republic,Medium HDI,1,1,Low income,0.0,1,13.0,0.0984870868277309,0.3634127250363412,0.5268966557058652,24672770.0,29395549.0,34533192.0,37793383.0,0.0,1.1181930001118192,4.0,4.0,21543.0,13045.0,14229.0,18581.0,26378.0,35772.0,8363.0,10946.0,15569.0,21408.0,1.514020662028252,1.5598469448762406,2751.692307692308,0.004171501920773,0.0,0.0,33.0,EMRO,Syrian Arab Republic,11403.0,14229.0,25492.0,34967.0,2.066473734982022,1.4574460608616207,14229,14963,26378,35772,1.5140206620282521,1.3906970527300675,0.371779106014242,True,True,True,96.64429530201343,93.28859060402685,True,Retained,0.36341272503634126,True,True,89.93288590604027,92.61744966442953,Retained,0.9136270995853538,False,False,False,False,True,True,True,True,True,5,True,True
19487.0,16293.0,20184.0,27525.0,35780.0,9660.0,12210.0,17183.0,22879.0,1.1960351071012092,0.1485222040695084,No,1.0,762,TJK,0.0,Tajikistan,TJK,2021.0,1,Central Asia,Tajikistan,Medium HDI,0,0,Lower middle income,0.0,1,2.0,0.0558971492453884,0.2970444081390168,0.188840721915419,10590936.0,11733077.0,13713958.0,15574651.0,0.0,2.970444081390168,2.0,2.0,3598.0,2274.0,3135.0,3885.0,5245.0,6733.0,1753.0,2207.0,3066.0,4027.0,1.1476874003189792,1.2972047917855103,3366.5,0.0006967025906763,0.0,0.0,30.0,EURO,Tajikistan,2513.0,2764.0,4311.0,5512.0,1.1933943493832073,0.9942112879884226,3135,3253,5245,6733,1.1476874003189792,1.0697817399323701,0.36284470246734396,False,True,False,71.81208053691275,73.15436241610739,False,Not screen-positive in either version,0.2970444081390168,False,False,70.46979865771812,72.48322147651007,Not screen-positive in either version,0.6379585326953748,False,False,False,False,True,True,False,True,False,3,False,False
119423.0,351261.0,394719.0,449362.0,470684.0,231914.0,263515.0,303691.0,320672.0,0.3399836588747398,0.2472052077897107,No,27.0,764,THA,0.0,Thailand,THA,2026.0,1,South-Eastern Asia,Thailand,Very High HDI,0,0,Upper middle income,4.0,0,159.0,0.3378062564268171,1.4557640014282969,2.218562787398937,71668019.0,71215031.0,69535010.0,66382746.0,1.0,5.218776608893894,59.0,57.0,26471.0,19561.0,82750.0,92641.0,104810.0,109221.0,52098.0,59117.0,67983.0,71659.0,0.3198912386706948,0.375465468923951,686.9245283018868,0.0051257404885476,0.0,0.0,93.0,SEARO,Thailand,86814.0,98247.0,125414.0,132628.0,0.5277259428202824,0.3499445275682718,82750,84459,104810,109221,0.31989123867069486,0.29318367491919156,1.1988418735108726,False,False,False,34.899328859060404,27.516778523489933,False,Not screen-positive in either version,1.4557640014282967,False,False,30.201342281879196,27.516778523489933,Not screen-positive in either version,1.9214501510574018,False,False,False,False,False,False,False,False,False,0,True,False
16037.0,13875.0,16766.0,22673.0,29912.0,8656.0,10553.0,14447.0,19237.0,1.1558198198198195,0.0,No,0.0,768,TGO,0.0,Togo,TGO,2025.0,1,Western Africa,Togo,Low HDI,0,0,Low income,0.0,1,1.0,0.0334313987697245,0.1191327138432213,0.1050945309541753,9515243.0,10793007.0,13121360.0,15584787.0,0.0,1.1913271384322135,1.0,1.0,4532.0,2714.0,3862.0,4673.0,6337.0,8394.0,2201.0,2684.0,3681.0,4915.0,1.1734852408078715,1.2330758746024535,8394.0,0.0008775586828641,0.0,0.0,18.0,AFRO,Togo,2742.0,3190.0,5179.0,6966.0,1.5404814004376368,1.1836990595611285,3862,3987,6337,8394,1.1734852408078715,1.1053423626787058,0.1435544071202986,True,True,True,81.20805369127517,74.49664429530202,False,No longer screen-positive,0.11913271384322136,True,True,76.51006711409396,75.16778523489933,Retained,0.2589331952356292,False,False,False,False,True,False,False,False,False,1,True,True
4310.0,8002.0,9327.0,11090.0,12312.0,4565.0,5664.0,7332.0,8428.0,0.5386153461634592,0.8002133902373967,No,3.0,780,TTO,0.0,Trinidad and Tobago,TTO,2026.0,1,Caribbean,Trinidad and Tobago,Very High HDI,0,0,High income,0.0,0,7.0,0.5685510071474984,1.8671645772205925,4.642550166070651,1507792.0,1512330.0,1472951.0,1399808.0,0.0,8.002133902373966,3.0,3.0,1329.0,1078.0,2420.0,2825.0,3364.0,3749.0,1226.0,1529.0,1994.0,2304.0,0.5491735537190082,0.8792822185970636,535.5714285714286,0.0002573423410252,0.0,0.0,112.0,PAHO,Trinidad and Tobago,2265.0,2535.0,3391.0,3751.0,0.6560706401766004,0.4796844181459566,2420,2490,3364,3749,0.5491735537190082,0.5056224899598394,1.8661690215942415,False,False,False,44.966442953020135,40.939597315436245,False,Not screen-positive in either version,1.8671645772205923,False,False,39.59731543624161,39.59731543624161,Not screen-positive in either version,2.8925619834710745,False,False,False,False,False,False,False,False,False,0,True,False
9113.0,17462.0,19811.0,22317.0,26575.0,7597.0,8640.0,9672.0,11611.0,0.521876073760165,1.086787765874864,No,7.0,784,ARE,0.0,United Arab Emirates,ARE,2025.0,1,Western Asia,United Arab Emirates,Very High HDI,0,0,High income,0.0,0,20.0,0.7525870178739417,3.105107902499612,1.8137069085909856,11027140.0,12190613.0,13693786.0,15367400.0,0.0,15.52553951249806,10.0,10.0,2209.0,850.0,4232.0,4826.0,5489.0,6441.0,1658.0,1897.0,2137.0,2508.0,0.5219754253308129,0.5126658624849216,322.05,0.0004277420852707,0.0,0.0,148.0,EMRO,United Arab Emirates,2584.0,2811.0,6020.0,9450.0,2.6571207430340555,2.3617929562433297,4232,4359,5489,6441,0.5219754253308129,0.47763248451479695,2.1164021164021163,True,False,False,99.32885906040269,38.92617449664429,False,Not screen-positive in either version,3.1051079024996118,False,False,100.0,38.92617449664429,Not screen-positive in either version,4.725897920604915,False,False,False,False,False,False,False,False,False,0,True,False
21109.0,32304.0,37693.0,46231.0,53413.0,18049.0,21310.0,26584.0,30997.0,0.653448489351164,0.2065262288310615,No,3.0,788,TUN,0.0,Tunisia,TUN,2026.0,1,Northern Africa,Tunisia,High HDI,0,0,Lower middle income,1.0,0,32.0,0.5991050867766274,2.2029464408646566,2.606474907221711,12277118.0,12628153.0,12953873.0,13145149.0,0.0,11.703152967093487,17.0,17.0,5707.0,3374.0,8819.0,10306.0,12614.0,14526.0,4896.0,5766.0,7138.0,8270.0,0.6471255244358771,0.6891339869281046,453.9375,0.0011050810686465,0.0,0.0,128.0,EMRO,Tunisia,11158.0,12130.0,17256.0,20244.0,0.8143036386449184,0.6689200329760924,8819,9078,12614,14526,0.6471255244358771,0.6001321877065433,1.5807152736613317,False,False,False,51.006711409395976,46.97986577181208,False,Not screen-positive in either version,2.2029464408646566,False,False,49.664429530201346,46.97986577181208,Not screen-positive in either version,3.628529311713346,False,False,False,False,False,False,False,False,False,0,True,False
327869.0,464344.0,537884.0,670048.0,792213.0,226769.0,269835.0,352861.0,436678.0,0.7060907430697931,0.1489074516170868,No,31.0,792,TUR,0.0,Türkiye,TUR,2026.0,1,Western Asia,TÃ¼rkiye,Very High HDI,0,0,Upper middle income,0.0,0,300.0,0.3786860351950801,1.4410398543589054,3.4295977601982948,87473815.0,89027552.0,91009689.0,91258070.0,0.0,6.9650259627347095,147.0,145.0,88675.0,54110.0,119508.0,139508.0,175250.0,208183.0,59437.0,70711.0,92154.0,113547.0,0.7420005355290022,0.9103756919090802,693.9433333333334,0.0171706787738266,0.0,0.0,92.0,EURO,TÃ¼rkiye,122542.0,128187.0,196077.0,239876.0,0.9575002856163601,0.8712974014525654,119508,122566,175250,208183,0.7420005355290022,0.6985379305843382,1.2506461671863796,False,False,False,61.07382550335571,51.67785234899329,False,Not screen-positive in either version,1.4410398543589054,False,False,62.41610738255034,53.02013422818792,Not screen-positive in either version,2.5102921980118484,False,False,False,False,False,False,False,False,False,0,True,False
15337.0,15233.0,18855.0,24861.0,30570.0,8974.0,11348.0,15274.0,19211.0,1.0068272828727105,0.4924289055767573,No,4.0,795,TKM,0.0,Turkmenistan,TKM,2018.0,1,Central Asia,Turkmenistan,High HDI,0,0,Upper middle income,0.0,0,7.0,0.2289826627412496,0.8617505847593254,0.93401740768272,7494507.0,8135737.0,8932242.0,9639717.0,0.0,6.155361319709467,5.0,5.0,4061.0,2466.0,4062.0,5037.0,6627.0,8123.0,2263.0,2849.0,3792.0,4729.0,0.9997538158542588,1.089703932832523,1160.428571428571,0.0007863560924782,0.0,0.0,55.0,EURO,Turkmenistan,3396.0,3825.0,5450.0,6512.0,0.917550058892815,0.702483660130719,4062,4218,6627,8123,0.9997538158542589,0.9257942152678995,1.074938574938575,False,False,False,57.04697986577181,65.1006711409396,False,Not screen-positive in either version,0.8617505847593254,False,False,51.006711409395976,63.758389261744966,Not screen-positive in either version,1.7232890201870998,False,False,False,False,False,False,False,False,False,0,False,False
110485.0,59550.0,76598.0,115323.0,170035.0,36327.0,46904.0,71718.0,108641.0,1.855331654072208,0.0213015230588987,No,1.0,800,UGA,0.0,Uganda,UGA,2026.0,1,Eastern Africa,Uganda,Medium HDI,1,1,Low income,0.0,1,5.0,0.0294057105889963,0.1065076152944935,0.0999698071188539,50015101.0,58312947.0,72020429.0,85431211.0,0.0,0.2130152305889871,1.0,1.0,31438.0,20518.0,15507.0,20212.0,31151.0,46945.0,9723.0,12679.0,19691.0,30241.0,2.0273424904881665,2.1102540368199114,9389.0,0.0060875308631695,0.0,0.0,13.0,AFRO,Uganda,18233.0,18400.0,34982.0,52695.0,1.8900893983436626,1.8638586956521739,15507,16207,31151,46945,2.0273424904881665,1.8965878941198249,0.09488566277635449,True,True,True,93.95973154362416,98.65771812080537,True,Retained,0.10650761529449355,True,True,97.31543624161074,99.32885906040269,Retained,0.3224350293415877,True,True,True,True,True,True,True,True,True,7,True,True
32709.0,303428.0,323696.0,333857.0,336137.0,164725.0,177559.0,187652.0,192869.0,0.1077982256087111,0.4081779655929985,No,34.0,804,UKR,0.0,Ukraine,UKR,2026.0,1,Eastern Europe,Ukraine,High HDI,0,0,Lower middle income,24.0,0,73.0,0.2171733549118365,0.8763821025967322,1.9281445501971568,37860232.0,38353861.0,35270923.0,31990143.0,0.0,5.042198398501747,46.0,42.0,7640.0,6516.0,75657.0,80619.0,82923.0,83297.0,39825.0,42885.0,45201.0,46341.0,0.1009820637878848,0.1636158192090395,1141.054794520548,0.0014793795977675,0.0,0.0,59.0,EURO,Ukraine,76945.0,75436.0,79405.0,77740.0,0.010332055364221196,0.03054244657723103,75657,77323,82923,83297,0.1009820637878848,0.07726032357771943,0.9390275276562902,False,False,False,6.0402684563758395,13.422818791946309,False,Not screen-positive in either version,0.8763821025967322,False,False,6.0402684563758395,12.080536912751679,Not screen-positive in either version,0.964880975983716,False,False,False,False,False,False,False,False,False,0,True,False
1501.0,15554.0,16443.0,17098.0,17055.0,8813.0,9577.0,10347.0,10597.0,0.0965025073935965,0.2155636990730761,No,1.0,807,MKD,0.0,North Macedonia,MKD,2025.0,1,Southern Europe,North Macedonia,High HDI,0,0,Upper middle income,0.0,0,4.0,0.2345353268836118,0.8622547962923044,2.194163743857713,1823018.0,1762500.0,1641916.0,1512698.0,0.0,4.311273981461522,2.0,2.0,322.0,436.0,4317.0,4540.0,4679.0,4639.0,2326.0,2514.0,2702.0,2762.0,0.0745888348390085,0.1874462596732588,1159.75,6.235081550800327e-05,0.0,0.0,56.0,EURO,North Macedonia,4243.0,4351.0,5208.0,5546.0,0.30709403723780343,0.2746495058607217,4317,4362,4679,4639,0.07458883483900858,0.06350298028427327,0.7212405337179949,False,False,False,25.503355704697988,10.738255033557047,False,Not screen-positive in either version,0.8622547962923044,False,False,24.832214765100673,10.06711409395973,Not screen-positive in either version,0.9265693768820941,False,False,False,False,False,False,False,False,False,0,True,False
267251.0,273328.0,326691.0,427821.0,540579.0,160756.0,193903.0,257670.0,329209.0,0.9777666393490604,0.1750525157547264,No,21.0,818,EGY,0.0,Egypt,EGY,2026.0,1,Northern Africa,Egypt,High HDI,0,0,Lower middle income,1.0,0,115.0,0.2127348639144325,0.958620919609216,0.9868003186730044,116538268.0,127139330.0,145213662.0,161630201.0,0.0,5.501650495148545,70.0,66.0,60328.0,32759.0,59636.0,71599.0,94278.0,119964.0,30629.0,37006.0,49317.0,63388.0,1.0116037292910325,1.0695419373796076,1043.1652173913044,0.0116816770123193,0.0,0.0,64.0,EMRO,Egypt,66257.0,72099.0,112071.0,143992.0,1.1732345261632733,0.997142817514806,59636,61566,94278,119964,1.0116037292910323,0.9485430269954196,0.7986554808600478,False,False,False,69.12751677852349,66.44295302013423,False,Not screen-positive in either version,0.9586209196092161,False,False,71.14093959731544,66.44295302013423,Not screen-positive in either version,1.928365416862298,False,False,False,False,False,False,False,False,False,0,True,False
280857.0,873573.0,947432.0,1061124.0,1154430.0,366007.0,406428.0,473874.0,535932.0,0.3215037552671614,0.1950571825529905,No,57.0,826,GBR,0.0,United Kingdom,GBR,2026.0,1,Northern Europe,United Kingdom,Very High HDI,0,0,High income,49.0,0,358.0,0.3101097511325936,1.225095988666151,5.178034643973453,69138201.0,71287004.0,73774637.0,75504690.0,7.0,2.669203550725133,82.0,78.0,66385.0,41461.0,225837.0,243974.0,271003.0,292222.0,90854.0,100812.0,117265.0,132315.0,0.293950946921895,0.4563475466132476,816.2625698324023,0.012854530706518,0.0,0.0,80.0,EURO,United Kingdom,230280.0,238388.0,284724.0,305661.0,0.3273449713392392,0.2821996073627867,225837,228847,271003,292222,0.293950946921895,0.2769317491599191,1.1712321820579008,False,False,False,26.174496644295303,26.174496644295303,False,Not screen-positive in either version,1.225095988666151,False,False,27.516778523489933,26.174496644295303,Not screen-positive in either version,1.5852141146047813,False,False,False,False,False,False,False,False,False,0,True,False
89704.0,57665.0,71281.0,103010.0,147369.0,37234.0,46216.0,67443.0,97645.0,1.5556056533425822,0.1120975697246883,No,5.0,834,TZA,0.0,United Republic of Tanzania,TZA,2026.0,1,Eastern Africa,"Tanzania, United Republic of",Low HDI,1,1,Lower middle income,0.0,1,11.0,0.0746425639042132,0.2466146533943144,0.160443018763986,68560166.0,80913134.0,103999365.0,129621110.0,0.0,1.3451708366962605,6.0,6.0,27688.0,18508.0,16916.0,20990.0,30716.0,44604.0,11020.0,13713.0,20178.0,29528.0,1.6367935682194372,1.679491833030853,4054.909090909091,0.0053613955893962,0.0,0.0,29.0,AFRO,Tanzania,27784.0,33944.0,59798.0,87982.0,2.166642672041463,1.5919750176761724,16916,17519,30716,44604,1.6367935682194372,1.546035732633141,0.1250255734127435,True,True,True,97.31543624161074,95.9731543624161,True,Retained,0.2466146533943144,True,True,93.95973154362416,95.9731543624161,Retained,0.6502719318987941,True,True,True,True,True,True,True,True,True,7,True,True
1590389.0,4391852.0,4897047.0,5554530.0,5982241.0,1259322.0,1459060.0,1763443.0,1950728.0,0.362122630726172,0.459084785786735,No,640.0,840,USA,0.0,United States of America,USA,2026.0,1,Northern America,United States of America,Very High HDI,0,0,High income,6.0,0,3898.0,0.6515952800965391,2.796113273432333,11.284597630402985,345426583.0,355649889.0,370209323.0,380846921.0,45.0,16.06079430275781,2570.0,2239.0,323115.0,161993.0,1070963.0,1180012.0,1306398.0,1394078.0,298061.0,344928.0,415603.0,460054.0,0.3017051009231878,0.5434894199509497,357.63930220625963,0.0625667197294052,0.0,0.0,144.0,PAHO,United States of America,992945.0,1055021.0,1259100.0,1349520.0,0.3591085105418729,0.2791404152144839,1070963,1091027,1306398,1394078,0.3017051009231878,0.27776672804614366,2.888434406307428,False,False,False,28.187919463087248,26.845637583892618,False,Not screen-positive in either version,2.796113273432333,False,False,26.845637583892618,26.845637583892618,Not screen-positive in either version,3.6397149107859,False,False,False,False,False,False,False,False,False,0,True,False
38504.0,26960.0,33093.0,46930.0,65464.0,17915.0,22089.0,31684.0,44620.0,1.4281899109792284,0.0,No,0.0,854,BFA,0.0,Burkina Faso,BFA,2025.0,1,Western Africa,Burkina Faso,Low HDI,1,1,Low income,0.0,1,2.0,0.0305511426127337,0.1112718370980304,0.0849300537309984,23548790.0,26730335.0,32193656.0,37304394.0,0.0,0.5563591854901524,1.0,1.0,10783.0,6735.0,7191.0,8882.0,12726.0,17974.0,4359.0,5393.0,7799.0,11094.0,1.4995132804895008,1.5450791465932554,8987.0,0.002087977775226,0.0,0.0,15.0,AFRO,Burkina Faso,6255.0,7207.0,12451.0,17845.0,1.852917665867306,1.476064936866935,7191,7446,12726,17974,1.4995132804895008,1.4139135106097234,0.11207621182404034,True,True,True,92.61744966442953,92.61744966442953,True,Retained,0.11127183709803048,True,True,91.2751677852349,93.28859060402685,Retained,0.27812543457099154,True,True,True,True,True,True,True,True,True,7,True,True
10656.0,32182.0,34414.0,38671.0,42838.0,17529.0,18857.0,21694.0,24737.0,0.331116773351563,0.4837929366231253,No,5.0,858,URY,0.0,Uruguay,URY,2026.0,1,South America,Uruguay,Very High HDI,0,0,High income,0.0,0,25.0,0.5835940053223774,2.418964683115626,7.3820437985517025,3386596.0,3372896.0,3336466.0,3254362.0,0.0,11.611030478955009,14.0,12.0,2535.0,1666.0,7800.0,8355.0,9370.0,10335.0,4089.0,4401.0,5053.0,5755.0,0.325,0.4074345805820494,413.4,0.0004908674450707,0.0,0.0,135.0,PAHO,Uruguay,7837.0,7997.0,9505.0,10502.0,0.3400535919356897,0.31324246592472177,7800,7886,9370,10335,0.325,0.31055034237889934,2.380498952580461,False,False,False,26.845637583892618,28.187919463087248,False,Not screen-positive in either version,2.4189646831156266,False,False,28.859060402684566,28.859060402684566,Not screen-positive in either version,3.2051282051282053,False,False,False,False,False,False,False,False,False,0,True,False
67814.0,76182.0,91201.0,116890.0,143996.0,44875.0,54378.0,70935.0,88260.0,0.8901577800530309,0.2421437795953508,No,9.0,860,UZB,0.0,Uzbekistan,UZB,2023.0,1,Central Asia,Uzbekistan,High HDI,0,0,Lower middle income,4.0,0,20.0,0.1388927470207505,0.5380972879896685,0.5500267478007456,36361868.0,40248248.0,46044160.0,52210763.0,0.0,4.035729659922514,16.0,15.0,17749.0,10384.0,19419.0,23376.0,30084.0,37168.0,10839.0,13132.0,17106.0,21223.0,0.9140017508625572,0.9580219577451794,1858.4,0.0034368466597874,0.0,0.0,40.0,EURO,Uzbekistan,18008.0,19273.0,27820.0,33642.0,0.8681697023545091,0.7455507705079645,19419,20057,30084,37168,0.9140017508625573,0.8531186119559256,0.5944949765174484,False,False,False,53.691275167785236,59.73154362416108,False,Not screen-positive in either version,0.5380972879896685,False,False,54.36241610738255,59.73154362416108,Not screen-positive in either version,1.0299191513466193,False,False,False,False,False,False,False,False,False,0,True,False
69150.0,119664.0,137000.0,165741.0,188814.0,61165.0,71683.0,89952.0,105466.0,0.577868030485359,0.235917537746806,No,13.0,862,VEN,0.0,"Venezuela, Bolivarian Republic of",VEN,2026.0,1,South America,Venezuela,Medium HDI,0,0,,0.0,0,59.0,0.3124768290486934,1.0707026713124277,2.077058738376216,28405552.0,29151819.0,30495452.0,31094892.0,0.0,7.8034262485482,50.0,43.0,20399.0,12238.0,34705.0,39867.0,48317.0,55104.0,16176.0,19032.0,24067.0,28414.0,0.5877827402391587,0.7565529179030662,933.9661016949152,0.0039499822532539,0.0,0.0,70.0,PAHO,Venezuela,31967.0,33665.0,47511.0,56023.0,0.7525260424813088,0.6641318877172138,34705,35565,48317,55104,0.5877827402391587,0.5493884436946436,1.053138889384717,False,False,False,48.322147651006716,43.624161073825505,False,Not screen-positive in either version,1.0707026713124275,False,False,48.99328859060403,43.624161073825505,Not screen-positive in either version,1.7000432214378332,False,False,False,False,False,False,False,False,False,0,True,False
222.0,634.0,702.0,794.0,856.0,278.0,318.0,384.0,430.0,0.3501577287066246,,,,882,WSM,,,,,0,,Samoa,High HDI,0,0,Lower middle income,,0,,,,,218029.0,225979.0,247206.0,272735.0,,,,,67.0,45.0,177.0,196.0,224.0,244.0,77.0,87.0,106.0,122.0,0.3785310734463277,0.5844155844155844,,1.297361689141683e-05,,,,WPRO,Samoa,223.0,258.0,371.0,445.0,0.9955156950672646,0.7248062015503876,177,180,224,244,0.3785310734463277,0.35555555555555557,,False,False,False,,,False,Not comparable,,False,False,,,Not comparable,,False,False,False,False,False,False,False,False,False,0,False,False
83598.0,49229.0,62608.0,92622.0,132827.0,28895.0,37135.0,56643.0,83501.0,1.698145402100388,0.0,No,0.0,887,YEM,0.0,Yemen,YEM,2018.0,1,Western Asia,Yemen,Low HDI,1,1,Low income,0.0,1,1.0,0.0075285898198408,0.0294524784260595,0.0246407562543783,40583170.0,47667670.0,59181537.0,70976411.0,0.0,0.2945247842605955,1.0,1.0,21979.0,13430.0,11974.0,15413.0,23266.0,33953.0,6851.0,8849.0,13625.0,20281.0,1.835560380825121,1.96029776674938,33953.0,0.0042559272486037,0.0,0.0,2.0,EMRO,Yemen,7027.0,8069.0,14100.0,19134.0,1.7229258574071438,1.371297558557442,11974,12489,23266,33953,1.835560380825121,1.7186323965089279,0.052262987352357064,True,True,True,89.26174496644296,97.98657718120806,True,Retained,0.029452478426059553,True,True,83.89261744966443,97.98657718120806,Retained,0.0835142809420411,True,True,True,True,True,True,True,True,True,7,False,False
61342.0,32901.0,43073.0,65465.0,94243.0,19525.0,25887.0,40165.0,58729.0,1.8644418102793228,0.0692041522491349,No,2.0,894,ZMB,0.0,Zambia,ZMB,2019.0,1,Eastern Africa,Zambia,Medium HDI,1,1,Lower middle income,0.0,1,3.0,0.0318326029519433,0.1038062283737024,0.1407461912673181,21314964.0,25024912.0,31550413.0,38083395.0,0.0,0.3460207612456747,1.0,1.0,19357.0,12133.0,9543.0,12645.0,19665.0,28900.0,5700.0,7618.0,12017.0,17833.0,2.02839777847637,2.12859649122807,9633.333333333334,0.0037482134651814,0.0,0.0,12.0,AFRO,Zambia,8002.0,8773.0,17595.0,26536.0,2.316170957260685,2.0247349823321557,9543,10009,19665,28900,2.02839777847637,1.8874013387950843,0.11305396442568585,True,True,True,98.65771812080537,99.32885906040269,True,Retained,0.10380622837370242,True,True,98.65771812080537,98.65771812080537,Retained,0.31436655139893116,True,True,True,True,True,True,True,True,True,7,False,False
